﻿<?xml version="1.0" encoding="utf-8" standalone="no" ?>
<modDesc descVersion="61">
    <author>BD_Modding</author>
    <version>1.0.0.1</version>
	<title>
        <en>MAN TGX 2020</en>
    </title>
    <description>
        <en>
            <![CDATA[MAN TGX 2020
The MAN TGX 2020 offers the versatility you are looking for for your job!
Whether on the road or on uneven terrain, with the MAN you are always in control.
With numerous configuration options and the fact that the swap body can be mounted, there is definitely something for everyone.


Generally
Price: € 129,000 - € 139,000
Max. Power: 640PS
Top speed: 80 km / h
Weight: 10.5t


Functions
- Adjustable saddle plate
- Chassis for swap bodies
- Air suspension
- 100 colors for customization
- Numerous configurations [Current: 17st.]
- Illuminated interior
- Animated mud flaps


Configurations
- Interior color
- lamp bracket
- bed linen
- mud flaps
- Compressed air horn
- Beacon
- wheel arch cover
- Poppy
- Interior decoration
- warning signs
- chassis
- main color
- Lamp bracket color
- design color
- grill color
- rim color
- license plate


Permissions and important information
- Editing and uploading the mod on other sites is NOT allowed!
- Model: BD_Modding, Giants
- Texture: BD_Modding, Giants
- Functions: BD_Modding, Giants
- Additional parts: MXND, BD_Modding, Giants

______________________________________
Updates / changelog
V1.0.0.1
Release


!IMPORTANT!
3 warnings are displayed in the log!
They have no influence on the game!
This is just information that the model is too big for consoles.

			]]>
        </en>
        <de>
            <![CDATA[MAN TGX 2020
Der MAN TGX 2020 bietet die Vielseitigkeit, die du für deine Tätigkeit suchst! 
Egal ob auf der Straße oder auf unebenen Geländen, mit dem MAN behältst du immer die Kontrolle. 
Durch zahlreiche Konfigurationsmöglichkeiten sowie das Aufpritschen der Wechselbrücke ist bestimmt für jeden was dabei.


Allgemein
Preis: 129.000€ - 139.000€ 
Max. Leistung: 640PS
Höchstgeschwindigkeit: 80 km/h
Gewicht: 10,5t


Funktionen
- Verstellbare Sattelplatte
- Chassis für Wechselbrücken 
- Luftfahrwerk  
- 100 Farben zur Personalisierten Anpassung
- Zahlreiche Konfigurationen [Aktuell: 17st.]
- Beleuchteter Innenraum 
- Animierte Schmutzfänger


Konfigurationen
- Interior Farbe
- Lampenbügel
- Bettwäsche
- Schmutzfänger
- Drucklufthorn
- Rundumleuchte
- Radkastenabdeckung
- Poppy
- Interior Deko
- Warnschilder
- Fahrgestell
- Hauptfarbe
- Lampenbügelfarbe
- Designfarbe
- Grillfarbe
- Felgenfarbe
- Kennzeichen


Erlaubnisse und wichtige Informationen
- Das Bearbeiten und Hochladen des Mods auf anderen Seiten ist NICHT Erlaubt!!!
- Model: BD_Modding, Giants
- Texture: BD_Modding, Giants
- Funktionen: BD_Modding, Giants
- Zusatzteile: MXND, BD_Modding, Giants

______________________________________
Updates / Changelog
V1.0.0.1
Release


!WICHTIG!
In der Log werden 3 Warnings angezeigt!
Die habe keinen Einfluss auf das Spiel!
Das ist nur eine Information das das Model zu groß für Konsolen ist.
	
			]]>
        </de>
    </description>
    <iconFilename>Icon.dds</iconFilename>
	<multiplayer supported="true" />
    <storeItems>
        <storeItem rootNode="vehicle" xmlFilename="MAN_TGX_2020.xml"/>
    </storeItems>	
	<brands>
        <brand name="matte" title="MATTE" image="brand/schutzmatte1.dds"/>
        <brand name="matte2" title="MATTE2" image="brand/schutzmatte2.dds"/>
        <brand name="matte3" title="MATTE3" image="brand/schutzmatte3.dds"/>
        <brand name="matte4" title="MATTE4" image="brand/schutzmatte4.dds"/>		
        <brand name="matte5" title="MATTE5" image="brand/schutzmatte5.dds"/>		
        <brand name="Poppyrot" title="POPPYROT" image="brand/brandpoppyrot.dds"/>
        <brand name="Poppyblau" title="POPPYBLAU" image="brand/brandpoppyblau.dds"/>
        <brand name="Poppygelb" title="POPPYGELB" image="brand/brandpoppygelb.dds"/>
        <brand name="Poppygruen" title="POPPYGRUEN" image="brand/brandpoppygruen.dds"/>
        <brand name="Poppynein" title="POPPYNEIN" image="brand/brandpoppynein.dds"/>	

        <brand name="chassi4x2" title="CHASSI4x2" image="brand/4x2.dds"/>
        <brand name="chassi4x2bdf" title="CHASSI4x2BDF" image="brand/4x2tandem.dds"/>
        <brand name="chassi4x6bdf" title="CHASSI4x6BDF" image="brand/4x6Ltandem.dds"/>		
        <brand name="chassi4x66bdf" title="CHASSI4x66BDF" image="brand/4x6tandem.dds"/>	

        <brand name="bett1" title="BETT1" image="brand/bett1.dds"/>
        <brand name="bett2" title="BETT2" image="brand/bett2.dds"/>
        <brand name="bett3" title="BETT3" image="brand/bett3.dds"/>
        <brand name="bett4" title="BETT4" image="brand/bett4.dds"/>
        <brand name="bett5" title="BETT5" image="brand/bett5.dds"/>		
    </brands>	
	<vehicleTypes>
		<type name="TGX2020" parent="woodTruck" className="Vehicle" filename="$dataS/scripts/vehicles/Vehicle.lua">
			<specialization name="cover" />
			<specialization name="fillVolume" />
			<specialization name="dischargeable" />
			<specialization name="trailer" />
		</type>
    </vehicleTypes>	
	<l10n filenamePrefix="xml/languages/l10n"/>
</modDesc>
