﻿<?xml version="1.0" encoding="utf-8" standalone="no"?>
<modDesc descVersion="61">
	<author>Rockstar</author>

	<version>1.0.0.0</version>

	<title>
		<en>Mobile Workshop</en>
		<de>Mobile Werkstatt</de>
		<fr>Atelier Mobile</fr>
		<pl>Mobilny Warsztat</pl>
	</title>

	<description>
		<en>
			<![CDATA[With this modification you can configure your vehicles anywhere. Go to the vehicle and press the "N" key to open the standard workshop window.]]></en>
		<de>
			<![CDATA[Mit diesem Mod können Sie Ihre Fahrzeuge überall konfigurieren. Gehen Sie zum Fahrzeug und drücken Sie die Taste "N", um das Standard-Werkstattfenster zu öffnen.]]></de>
		<fr>
			<![CDATA[Avec cette modification, vous pouvez configurer vos véhicules pour l'approche. Allez au véhicule et appuyez sur la touche "N" pour ouvrir la fenêtre de l'atelier standard.]]></fr>
		<pl>
			<![CDATA[Dzięki tej modyfikacji możesz skonfigurować swoje pojazdy na podejście. Podejdź do pojazdu i naciśnij klawisz "N", aby wyświetliło się standardowo okno warsztatu.]]></pl>
	</description>

	<iconFilename>icon.png</iconFilename>

	<multiplayer supported="true"/>

	<extraSourceFiles>
		<sourceFile filename="scripts/main.lua"/>
	</extraSourceFiles>

	<l10n>
		<text name="input_ACTIVATE_WORKSHOP">
			<en>Activate workshop</en>
			<de>Werkstatt aktivieren</de>
			<fr>Activer l'atelier</fr>
			<pl>Aktywuj warsztat</pl>
		</text>
	</l10n>

	<actions>
		<action name="ACTIVATE_WORKSHOP" category="ONFOOT" axisType="HALF"/>
	</actions>

	<inputBinding>
		<actionBinding action="ACTIVATE_WORKSHOP">
			<binding device="KB_MOUSE_DEFAULT" input="KEY_n" axisComponent="+" neutralInput="0" index="1"/>
			<binding device="GAMEPAD_DEFAULT" input="BUTTON_5 BUTTON_20" axisComponent="+" neutralInput="0" index="1"/>
		</actionBinding>
	</inputBinding>
</modDesc>