﻿<?xml version="1.0" encoding="utf-8" standalone="no" ?>
<modDesc descVersion="61">

    <author>DTAP GAMING & FLASHKID669</author>
	
    <version>1.0.0.1</version>
	
    <title>
        <en>DTAP Autoloader...ISH</en>
    </title>
	
    <description>
        <en>DTAP Krone ProLiner MAJOR EDIT Autoloader...ISH</en>
    </description>
	
    <iconFilename>$data/vehicles/krone/profiLiner/store_profiLiner.png</iconFilename>
	
	<multiplayer supported="true" />
	
    <storeItems>
        <storeItem xmlFilename="profiLiner.xml"/>
	<newStoreCategories>
        <newStoreCategory type="TOOL" name="DTAPGAMINGTRAILERS" title="DTAP GAMING TRAILERS" image="DTAPGAMING.dds" />
    </newStoreCategories>
    </storeItems>	
	
	
	<extraSourceFiles>
		<sourceFile filename="scripts/AddStoreCategory.lua" />
	</extraSourceFiles>
	
	<l10n>
		<texts>
			<text name="typeDesc_autoloader" text="AutoLoader for Bales"/>
		</texts>
	</l10n>
</modDesc>
