﻿<?xml version="1.0" encoding="utf-8" standalone="no" ?>
<modDesc descVersion="61">

    <author>Hispano</author>
    <contributor>Achimobil / GIANTS Software</contributor>
    <version>1.0.0.0</version>
	
    <title>
        <en>Bremer Transportwagen TP 500S AutoLoad</en>
    </title>
	
    <description>
        <en>Bremer Transportwagen TP 500S AutoLoad</en>
    </description>
	
    <iconFilename>icon.png</iconFilename>
	
    <storeItems>
        <storeItem xmlFilename="transportwagen.xml"/>
    </storeItems>
	
	<extraSourceFiles>
        <sourceFile filename="main.lua" />
    </extraSourceFiles>
	
	<vehicleTypes>
		<type name="AutoLoaderTrailer" parent="baseAttachable" filename="$dataS/scripts/vehicles/Vehicle.lua">
			<specialization name="palletAutoLoader"/>
			<specialization name="fillUnit" />
			<specialization name="dynamicMountAttacher" />
			<specialization name="tensionBelts" />
		</type>
	</vehicleTypes>	
	
	<l10n>
		<text name="palletAutoLoader_nothingToLoad"> 
			<en>disable Autoload</en>
			<de>Autoload: nichts zu laden</de>
			<es>Deshabilitar Autoload</es>
		</text>
		<text name="palletAutoLoader_loadPallets">
			<en>enable Autoload</en>
			<de>Autoload Paletten</de>
			<es>Activar Autoload</es>
		</text>
		<text name="function_Autoload_Trailer"> 
			<en>Trailer with Autoload for pallets</en> 
			<de>Anhänger mit Autoload für Paletten</de> 
			<es>Remolque con Autoload para palets</es>
		</text>
		<text name="LoadingType"> 
			<en>LoadingType</en> 
			<de>Ladegut</de> 
			<es>Tipo de carga</es>
		</text>
		<text name="liquidTank"> 
			<en>liquidTank</en> 
			<de>Flüssigkeitstanks</de> 
			<es>Tanque de líquido</es>
		</text>
		<text name="euroPallet"> 
			<en>euroPallet</en> 
			<de>Euro Paletten</de> 
			<es>Euro Palets</es>
		</text>
	</l10n>
	
</modDesc>
