<?xml version="1.0" encoding="utf-8" standalone="no" ?>
<modDesc descVersion="61">
	<author>coolfarmer</author>
	<version>1.0.0.0</version>

	<title>
		<en>Free Landscaping Tools</en>
		<de>Kostenlose Landschaftsbau-Tools</de>
		<fr>Outils De Paysagisme Gratuits</fr>
	</title>
	
	<description>
		<en>
<![CDATA[Allows you to cancel landscaping costs.

Are you tired of paying for mistakes you make when using the landscaping tool?
This mod makes terraforming, painting and laying grass/bushes completely free.]]>
		</en>
		<de>
<![CDATA[Ermöglicht kostenlos die Landschaft zu gespalten.

Bist Du es Leid, für Fehler zu bezahlen, die Du bei der Verwendung des Landschaftsbau-Tools gemacht hast?
Dieser Mod macht Terraforming, Texturbemalung und das malen von Gras/Büschen völlig kostenlos.]]>
		</de>
		<fr>
<![CDATA[Permet d'annuler les coûts liés au paysagisme.

Êtes-vous épuiser de payer pour des erreurs que vous faites lors de la modification de votre terrain?
Ce mod permet de rendre la terraformation, la peinture et la pose d'herbe/buissons complètement gratuits.]]>
		</fr>
    </description>
	
	<multiplayer supported="true" />
	
	<iconFilename>icon.dds</iconFilename>
	
	<extraSourceFiles>
		<sourceFile filename="src/FreeLandscapingTools.lua" />
	</extraSourceFiles>
</modDesc>
