<?xml version="1.0" encoding="utf-8" standalone="no"?>
<vehicle type="ARaufbau">
    <annotation>Copyright (C) GIANTS Software GmbH, All Rights Reserved.</annotation>
    <storeData>
        <name>$l10n_name_KrampeKipperWechselbrücke</name>
        <functions>
            <function>$l10n_function_tipper</function>
        </functions>
        <image>store_Krampe.dds</image>
        <price>16300</price>
        <lifetime>600</lifetime>
        <rotation>0</rotation>
        <brand>Lizard</brand>
        <category>misc</category>
    </storeData>
	<base>
        <typeDesc>$l10n_typeDesc_container</typeDesc>
        <filename>Krampe.i3d</filename>
        <size width="3" length="6"/>
        <components>
            <component centerOfMass="0 1.1 0" solverIterationCount="10" mass="2000"/>
        </components>
        <schemaOverlay attacherJointPosition="0 0" name="IMPLEMENT" />
    </base>
	<attachable>
        <inputAttacherJoints>
            <inputAttacherJoint node="0>0|0|1|0" jointType="telehandler"/>
        </inputAttacherJoints>
        <support animationName="moveSupport"/>
    </attachable>
	<animations>
        <animation name="moveSupport">
            <part node="0>0|1|0|0" startTime="0" endTime="0.1" startTrans="0.359 0.049 2.772" endTrans="0.895 0.049 2.772"/>		
            <part node="0>0|1|0|0" startTime="0.11" endTime="0.2" startRot="0 0 0" endRot="-90 0 0"/>						
		
            <part node="0>0|1|0|1" startTime="0" endTime="0.1" startTrans="-0.359 0.049 2.772" endTrans="-0.895 0.049 2.772"/>		
            <part node="0>0|1|0|1" startTime="0.11" endTime="0.2" startRot="0 0 180" endRot="90 0 180"/>				

            <part node="0>0|1|0|2" startTime="0" endTime="0.1" startTrans="-0.359 0.049 -2.771" endTrans="-0.895 0.049 -2.771"/>		
            <part node="0>0|1|0|2" startTime="0.11" endTime="0.2" startRot="180 0 180" endRot="90 0 180"/>				

            <part node="0>0|1|0|3" startTime="0" endTime="0.1" startTrans="0.359 0.049 -2.771" endTrans="0.895 0.049 -2.771"/>		
            <part node="0>0|1|0|3" startTime="0.11" endTime="0.2" startRot="-180 0 0" endRot="-90 0 0"/>							
        </animation>	
		
        <animation name="tipAnimationBack">
            <part node="backDoor" startTime="0.0" endTime="2.5" startRot="0 0 0" endRot="85 0 0"/>
            <part node="body" startTime="2" endTime="14" startRot="-90 0 0" endRot="-125 0 0"/>		
            <part node="effectNodesBack" startTime="2" endTime="14" startRot="0 0 0" endRot="35 0 0"/>
			
            <part node="0>1|0|6" startTime="2" endTime="14" startRot="0 0 0" endRot="-20.4 0 0"/>	
            <part node="hydraulicBodyPunch1" startTime="2" endTime="14" startTrans="0 0 0" endTrans="0 0.603 0"/>				
            <part node="hydraulicBodyPunch2" startTime="2" endTime="14" startTrans="0 0 0" endTrans="0 0.573 0"/>					
            <part node="hydraulicBodyPunch3" startTime="2" endTime="14" startTrans="0 0 0" endTrans="0 0.588 0"/>		
            <part node="hydraulicBodyPunch4" startTime="2" endTime="14" startTrans="0 0 0" endTrans="0 1.517 0"/>	
			
            <part node="0>1|0|5|4" startTime="0.0" endTime="1.8" startRot="-80.065 0 0" endRot="-90.185 0 0"/>
            <part node="0>1|0|5|4|0" startTime="0" endTime="2.6" startTrans="0 0 0.761" endTrans="0 0 0.989"/>
			
        </animation>
        <animation name="toggleCover">
            <part node="cover_closed" startTime="0" endTime="0.05" visibility="true"/>
            <part node="cover_closed" startTime="0.05" endTime="0.1" visibility="false"/>
            <part node="cover_open" startTime="0" endTime="0.05" visibility="false"/>
            <part node="cover_open" startTime="0.05" endTime="0.1" visibility="true"/>
			
            <part node="0>1|0|5|22|1" startTime="0" endTime="0.05" visibility="true"/>
            <part node="0>1|0|5|22|1" startTime="0.05" endTime="0.1" visibility="false"/>
            <part node="0>1|0|5|22|0" startTime="0" endTime="0.05" visibility="false"/>
            <part node="0>1|0|5|22|0" startTime="0.05" endTime="0.1" visibility="true"/>
			
            <part node="0>1|0|5|22|4" startTime="0" endTime="0.05" visibility="true"/>
            <part node="0>1|0|5|22|4" startTime="0.05" endTime="0.1" visibility="false"/>
        </animation>
		
        <animation name="tipAnimationGrainDoor">
            <part node="body" startTime="0.8" endTime="24.8" startRot="-90 0 0" endRot="-125 0 0"/>
			
            <part node="0>1|0|6" startTime="0.8" endTime="24.8" startRot="0 0 0" endRot="-20.4 0 0"/>	
            <part node="hydraulicBodyPunch1" startTime="0.8" endTime="24.8" startTrans="0 0 0" endTrans="0 0.603 0"/>				
            <part node="hydraulicBodyPunch2" startTime="0.8" endTime="24.8" startTrans="0 0 0" endTrans="0 0.573 0"/>					
            <part node="hydraulicBodyPunch3" startTime="0.8" endTime="24.8" startTrans="0 0 0" endTrans="0 0.588 0"/>		
            <part node="hydraulicBodyPunch4" startTime="0.8" endTime="24.8" startTrans="0 0 0" endTrans="0 1.517 0"/>	
			
            <part node="effectNodesBackGrainDoor" startTime="0.8" endTime="18" startRot="0 0 0" endRot="35 0 0"/>
        </animation>
        <animation name="tipAnimationGrainDoor2">
            <part node="grainDoor" startTime="0" endTime="1.5" startTrans="0 -1.784 -0.720" endTrans="0 -1.427 -0.720"/>
            <part node="grainDoorArm" startTime="0" endTime="1.65" startRot="180 90 0" endRot="119.859 90 0"/>			
        </animation>
    </animations>	
	<cover>
        <coverConfigurations title="$l10n_Plane">
			<coverConfiguration name="$l10n_V1" price="500">
				<objectChange node="0>1|0|5|6" visibilityActive="true" />
				<objectChange node="0>1|0|5|23" visibilityActive="true" />
				<objectChange node="0>1|0|5|22" visibilityActive="false" />
                <cover openAnimation="toggleCover" fillUnitIndices="1"/>
			</coverConfiguration>
			<coverConfiguration name="$l10n_V2" price="750">
				<objectChange node="0>1|0|5|6" visibilityActive="false" />
				<objectChange node="0>1|0|5|23" visibilityActive="false" />
				<objectChange node="0>1|0|5|22" visibilityActive="true" />
                <cover openAnimation="toggleCover" fillUnitIndices="1"/>
			</coverConfiguration>
        </coverConfigurations>
    </cover>	


	
	
    <fillUnit>
        <fillUnitConfigurations title="$l10n_Warntafel">
            <fillUnitConfiguration name="$l10n_ohne" price="0">
                <fillUnits>
                    <fillUnit shopDisplayUnit="CUBICMETER" fillTypeCategories="BULK" capacity="24500">
                        <exactFillRootNode node="exactFillRootNode"/>
                        <autoAimTargetNode node="fillAutoAimTarget" startZ="2.785" endZ="-2.5" invert="false" fillUnitIndex="1" startPercentage="25"/>
                    </fillUnit>
                </fillUnits>
            </fillUnitConfiguration>
            <fillUnitConfiguration name="$l10n_Version1_sticker" price="110">
                <fillUnits>
                    <fillUnit shopDisplayUnit="CUBICMETER" fillTypeCategories="BULK" capacity="24500">
                        <exactFillRootNode node="exactFillRootNode"/>
                        <autoAimTargetNode node="fillAutoAimTarget" startZ="2.785" endZ="-2.5" invert="false" fillUnitIndex="1" startPercentage="25"/>
                    </fillUnit>
                </fillUnits>
				<objectChange node="0>1|0|5|2|13|0" visibilityActive="true" visibilityInactive="false"/>
            </fillUnitConfiguration>
            <fillUnitConfiguration name="$l10n_Version1_niet" price="110">
                <fillUnits>
                    <fillUnit shopDisplayUnit="CUBICMETER" fillTypeCategories="BULK" capacity="24500">
                        <exactFillRootNode node="exactFillRootNode"/>
                        <autoAimTargetNode node="fillAutoAimTarget" startZ="2.785" endZ="-2.5" invert="false" fillUnitIndex="1" startPercentage="25"/>
                    </fillUnit>
                </fillUnits>
				<objectChange node="0>1|0|5|2|13|1" visibilityActive="true" visibilityInactive="false"/>
            </fillUnitConfiguration>
			
            <fillUnitConfiguration name="$l10n_Version2_sticker" price="110">
                <fillUnits>
                    <fillUnit shopDisplayUnit="CUBICMETER" fillTypeCategories="BULK" capacity="24500">
                        <exactFillRootNode node="exactFillRootNode"/>
                        <autoAimTargetNode node="fillAutoAimTarget" startZ="2.785" endZ="-2.5" invert="false" fillUnitIndex="1" startPercentage="25"/>
                    </fillUnit>
                </fillUnits>
				<objectChange node="0>1|0|5|2|13|2" visibilityActive="true" visibilityInactive="false"/>
            </fillUnitConfiguration>
            <fillUnitConfiguration name="$l10n_Version2_niet" price="110">
                <fillUnits>
                    <fillUnit shopDisplayUnit="CUBICMETER" fillTypeCategories="BULK" capacity="24500">
                        <exactFillRootNode node="exactFillRootNode"/>
                        <autoAimTargetNode node="fillAutoAimTarget" startZ="2.785" endZ="-2.5" invert="false" fillUnitIndex="1" startPercentage="25"/>
                    </fillUnit>
                </fillUnits>
				<objectChange node="0>1|0|5|2|13|3" visibilityActive="true" visibilityInactive="false"/>
            </fillUnitConfiguration>
			
            <fillUnitConfiguration name="$l10n_Version3_sticker" price="110">
                <fillUnits>
                    <fillUnit shopDisplayUnit="CUBICMETER" fillTypeCategories="BULK" capacity="24500">
                        <exactFillRootNode node="exactFillRootNode"/>
                        <autoAimTargetNode node="fillAutoAimTarget" startZ="2.785" endZ="-2.5" invert="false" fillUnitIndex="1" startPercentage="25"/>
                    </fillUnit>
                </fillUnits>
				<objectChange node="0>1|0|5|2|13|4" visibilityActive="true" visibilityInactive="false"/>
            </fillUnitConfiguration>
            <fillUnitConfiguration name="$l10n_Version3_niet" price="110">
                <fillUnits>
                    <fillUnit shopDisplayUnit="CUBICMETER" fillTypeCategories="BULK" capacity="24500">
                        <exactFillRootNode node="exactFillRootNode"/>
                        <autoAimTargetNode node="fillAutoAimTarget" startZ="2.785" endZ="-2.5" invert="false" fillUnitIndex="1" startPercentage="25"/>
                    </fillUnit>
                </fillUnits>
				<objectChange node="0>1|0|5|2|13|5" visibilityActive="true" visibilityInactive="false"/>
            </fillUnitConfiguration>
        </fillUnitConfigurations>
    </fillUnit>	
    <fillVolume>
        <fillVolumeConfigurations>
            <fillVolumeConfiguration>
                <volumes>
                    <volume node="fillVolume" maxDelta="0.23" maxAllowedHeapAngle="18" fillUnitIndex="1"/>
                </volumes>
            </fillVolumeConfiguration>
        </fillVolumeConfigurations>
        <unloadInfos>
            <unloadInfo>
                <node node="fillVolumeUnloadInfo" width="1.5" length="1.0"/>
            </unloadInfo>
        </unloadInfos>
        <heightNodes>
            <heightNode>
                <refNode node="fillVolumeHeightNodeBack1"/>
                <refNode node="fillVolumeHeightNodeBack2"/>
                <node node="effectNodesBack" baseScale="1 1 1" transAxis="0 1 0"/>
                <node node="effectParticleBack" baseScale="1 0.2 1" transAxis="0 0 0" scaleAxis="0 0.4 0"/>
            </heightNode>
        </heightNodes>
    </fillVolume>	
    <trailer>
        <trailerConfigurations>
            <trailerConfiguration>
                <trailer>
                    <tipSide name="$l10n_info_tipSideBack" dischargeNodeIndex="1">
                        <animation name="tipAnimationBack" speedScale="1.0" startTipTime="0.05"/>
                    </tipSide>
                    <tipSide name="$l10n_info_tipSideBackGrainDoor" dischargeNodeIndex="2">
                        <animation name="tipAnimationGrainDoor" speedScale="1.0"/>
                        <doorAnimation name="tipAnimationGrainDoor2" speedScale="1.0"/>
                    </tipSide>
                </trailer>
            </trailerConfiguration>
        </trailerConfigurations>
    </trailer>	
    <dischargeable>
        <dischargeNode node="dischargeNodeBack" emptySpeed="3430" fillUnitIndex="1" unloadInfoIndex="3">
            <info width="2.5" length="0.5" zOffset="-1"/>
            <effects>
                <effectNode effectClass="TipEffect">
                    <effectNode effectNode="effectParticleBack" effectClass="ParticleEffect"/>
                    <effectNode effectNode="effectGrainBack" materialType="unloading" materialTypeId="1" fadeTime="0.5" extraDistanceNode="dischargeNodeBack" extraDistance="0.2"/>
                </effectNode>
                <effectNode effectNode="effectSmokeBack" materialType="smoke" materialTypeId="1" fadeTime="0.5"/>
            </effects>
        </dischargeNode>
        <dischargeNode node="dischargeNodeGrainDoor" emptySpeed="1715" fillUnitIndex="1" unloadInfoIndex="2">
            <info width="0.5" length="0.5" zOffset="-1"/>
            <effects>
                <effectNode effectClass="TipEffect">
                    <effectNode effectNode="effectParticleDoor" effectClass="ParticleEffect"/>
                    <effectNode effectNode="effectGrainDoor" materialType="unloading" materialTypeId="1" fadeTime="0.5" extraDistanceNode="dischargeNodeGrainDoor" extraDistance="0.2"/>
                </effectNode>
                <effectNode effectNode="effectSmokeDoor" materialType="smoke" materialTypeId="1" fadeTime="0.5"/>
            </effects>
        </dischargeNode>
    </dischargeable>	
	<tensionBelts>
		<tensionBeltsConfigurations title="$l10n_Logo">
			<tensionBeltsConfiguration name="$l10n_ohne" price="0" >
				<objectChange node="0>1|0|5|10" visibilityActive="false" />
				<objectChange node="0>1|0|5|18" visibilityActive="false" />	
				
				<objectChange node="0>1|0|5|2|4" visibilityActive="false" />
				<objectChange node="0>1|0|5|2|9" visibilityActive="false" />	
			</tensionBeltsConfiguration>
			<tensionBeltsConfiguration name="$l10n_Weiss" price="50" >
				<objectChange node="0>1|0|5|10" visibilityActive="true" />
				<objectChange node="0>1|0|5|18" visibilityActive="false" />	
				
				<objectChange node="0>1|0|5|2|4" visibilityActive="true" />
				<objectChange node="0>1|0|5|2|9" visibilityActive="false" />	
			</tensionBeltsConfiguration>
			<tensionBeltsConfiguration name="$l10n_schwarz" price="50" >
				<objectChange node="0>1|0|5|10" visibilityActive="false" />
				<objectChange node="0>1|0|5|18" visibilityActive="true" />	
				
				<objectChange node="0>1|0|5|2|4" visibilityActive="false" />
				<objectChange node="0>1|0|5|2|9" visibilityActive="true" />	
			</tensionBeltsConfiguration>
		</tensionBeltsConfigurations>
    </tensionBelts>	

    <designMaterial3Configurations price="500" useDefaultColors="true" title="$l10n_Plane">
		<designMaterial3Configuration name="WHITE" 				color="SHARED_WHITE2" 			material="32"  	price="1000"/>
		<designMaterial3Configuration name="WHITE OLD" 			color="SHARED_WHITE2" 			material="6"  	price="0"/>
		<designMaterial3Configuration name="WHITE MATTE"			color="SHARED_WHITE2"			material="1"  	price="1500"/>
		<designMaterial3Configuration name="WHITE SATIN"			color="SHARED_WHITE2"			material="27" 	price="2000"/>	
		<designMaterial3Configuration name="BLACK"				color="SHARED_BLACK2"			material="32"  	price="1000"/>
		<designMaterial3Configuration name="BLACK OLD"			color="SHARED_BLACK2"			material="6" 	price="0"/>
		<designMaterial3Configuration name="BLACK MATTE"			color="SHARED_BLACK2"			material="1" 	price="1500"/>
		<designMaterial3Configuration name="BLACK SATIN"			color="SHARED_BLACK2"			material="27" 	price="2000"/>	
        <designMaterial3Configuration name="FLIEGL" 				color="FLIEGL_GREEN2" 			material="32"  	price="1000"/> 		
        <designMaterial3Configuration name="FLIEGL OLD" 			color="FLIEGL_GREEN2" 			material="6"   	price="0"/> 		
        <designMaterial3Configuration name="FLIEGL MATTE" 		color="FLIEGL_GREEN2" 			material="1"   	price="1500"/> 	
        <designMaterial3Configuration name="FLIEGL SATIN" 		color="FLIEGL_GREEN2" 			material="27"  	price="2000"/> 	
        <designMaterial3Configuration name="GREEN" 				color="KRONE_GREEN1" 			material="32"  	price="1000"/>		
        <designMaterial3Configuration name="GREEN OLD" 			color="KRONE_GREEN1" 			material="6"  	price="0"/>
		<designMaterial3Configuration name="GREEN MATTE"			color="KRONE_GREEN1"			material="1"  	price="1500"/>
		<designMaterial3Configuration name="GREEN SATIN"			color="KRONE_GREEN1"			material="27" 	price="2000"/>
	    <designMaterial3Configuration  name="Green Blue" 			color="0.0020 0.0697 0.1275 1" 	material="32"  	price="1000"/>  			
	    <designMaterial3Configuration  name="Green Blue OLD" 		color="0.0020 0.0697 0.1275 1" 	material="6"  	price="0"/>  			
	    <designMaterial3Configuration  name="Green Blue MATTE" 	color="0.0020 0.0697 0.1275 1"  material="1"  	price="1500"/>  		
	    <designMaterial3Configuration  name="Green Blue SATIN" 	color="0.0020 0.0697 0.1275 1"  material="27" 	price="2000"/>  	
		<designMaterial3Configuration name="BLUE" 				color="NEWHOLLAND_BLUE1" 		material="32"  	price="1000"/>			
		<designMaterial3Configuration name="BLUE OLD" 			color="NEWHOLLAND_BLUE1"		material="6"  	price="0"/>
		<designMaterial3Configuration name="BLUE MATTE"			color="NEWHOLLAND_BLUE1"		material="1"  	price="1500"/>
		<designMaterial3Configuration name="BLUE SATIN"			color="NEWHOLLAND_BLUE1"		material="27" 	price="2000"/>
        <designMaterial3Configuration name="STRAUTMANN RED" 	   	color="STRAUTMANN_RED1" 		material="32"  	price="1000" />
        <designMaterial3Configuration name="STRAUTMANN RED OLD"   color="STRAUTMANN_RED1" 		material="6"  	price="0" />
        <designMaterial3Configuration name="STRAUTMANN RED MATTE" color="STRAUTMANN_RED1"		material="1"  	price="1500" />
        <designMaterial3Configuration name="STRAUTMANN RED SATIN" color="STRAUTMANN_RED1" 		material="27" 	price="2000" />		
		<designMaterial3Configuration name="Red"					color="CASEIH_RED1" 			material="32"  	price="1000"/>		
		<designMaterial3Configuration name="Red OLD"				color="CASEIH_RED1" 			material="6"  	price="0"/>
		<designMaterial3Configuration name="RED MATTE"			color="CASEIH_RED1"				material="1"  	price="1500"/>		
		<designMaterial3Configuration name="RED SATIN"			color="CASEIH_RED1"				material="27" 	price="2000"/>				
		<designMaterial3Configuration name="YELLOW" 				color="JOHNDEERE_YELLOW1" 		material="32"  	price="1000"/>			
		<designMaterial3Configuration name="YELLOW OLD" 			color="JOHNDEERE_YELLOW1" 		material="6"  	price="0"/>			
		<designMaterial3Configuration name="YELLOW MATTE"		color="JOHNDEERE_YELLOW1"		material="1"  	price="1500"/>		
		<designMaterial3Configuration name="YELLOW SATIN"		color="JOHNDEERE_YELLOW1"		material="27" 	price="2000"/>			
		<designMaterial3Configuration name="ORANGE" 				color="STARA_ORANGE" 			material="32"  	price="1000"/>		
		<designMaterial3Configuration name="ORANGE OLD" 			color="STARA_ORANGE" 			material="6"  	price="0"/>		
		<designMaterial3Configuration name="ORANGE MATTE"		color="STARA_ORANGE"			material="1"  	price="1500"/>	
		<designMaterial3Configuration name="ORANGE SATIN"		color="STARA_ORANGE"			material="27" 	price="2000"/>		
        <designMaterial3Configuration name="Gun Metal" 	  		color="SHARED_GREY5" 			material="32"  	price="1000"/>			
        <designMaterial3Configuration name="Gun Metal OLD"   	color="SHARED_GREY5" 			material="6"  	price="0"/>	
        <designMaterial3Configuration name="Gun Metal MATTE" 	color="SHARED_GREY5" 			material="1"  	price="1500"/>		
        <designMaterial3Configuration name="Gun Metal SATIN" 	color="SHARED_GREY5" 			material="27" 	price="2000"/>			
		<designMaterial3Configuration name="Deep Blue" 			color="HATZENBICHLER_DARKBLUE1" material="32"  	price="1000"/>			
		<designMaterial3Configuration name="Deep Blue OLD" 		color="HATZENBICHLER_DARKBLUE1" material="6"  	price="0"/>		
		<designMaterial3Configuration name="Deep Blue MATTE" 	color="HATZENBICHLER_DARKBLUE1" material="1"  	price="1500"/>	
		<designMaterial3Configuration name="Deep Blue STATIN" 	color="HATZENBICHLER_DARKBLUE1" material="27" 	price="2000"/>		
        <designMaterial3Configuration name="HAWE GREY" 			color="0.0962 0.0962 0.0962 1"  material="32"  	price="1000"/>	
        <designMaterial3Configuration name="HAWE GREY OLD" 		color="0.0962 0.0962 0.0962 1"  material="6"  	price="0"/>			
        <designMaterial3Configuration name="HAWE GREY MATTE" 	color="0.0962 0.0962 0.0962 1"  material="1"  	price="1500"/>	
        <designMaterial3Configuration name="HAWE GREY SATIN"  	color="0.0962 0.0962 0.0962 1"  material="27" 	price="2000"/>	
        <designMaterial3Configuration name="KRONE YELLOW"  		color="KRONE_YELLOW1" 			material="32"  	price="1000"/>			
        <designMaterial3Configuration name="KRONE YELLOW OLD" 	color="KRONE_YELLOW1" 			material="6"  	price="0"/>	
		<designMaterial3Configuration name="KRONE YELLOW MATTE"	color="KRONE_YELLOW1"			material="1"  	price="1500"/>
		<designMaterial3Configuration name="KRONE YELLOW SATIN"	color="KRONE_YELLOW1"			material="27" 	price="2000"/>	
		<designMaterial3Configuration name="OLIVE" 				color="URSUS_OLIVE1" 			material="32"  	price="1000"/>
		<designMaterial3Configuration name="OLIVE OLD"		    color="URSUS_OLIVE1" 			material="6"    price="0"/>
		<designMaterial3Configuration name="OLIVE MATTE" 		color="URSUS_OLIVE1" 			material="1" 	price="1500"/>
		<designMaterial3Configuration name="OLIVE SATIN" 		color="URSUS_OLIVE1" 			material="27" 	price="2000"/>
        <designMaterial3Configuration name="STAINLESS STEEL" 	color="1 1 1 8"					material="8"  	price="1000"/>
        <designMaterial3Configuration name="ZINC"				color="1 1 1 4"					material="4"  	price="1000"/>
		<designMaterial3Configuration name="CHROME" 	    		color="1 1 1 2" 				material="2"  	price="1000"/>
		<designMaterial3Configuration name="Silver" 				color="SHARED_GREY2" 			material="32"  	price="1000"/>		
        <material name="plane_mat" shaderParameter="colorMat0"/>
        <material name="plane2_mat" shaderParameter="colorMat1"/>
    </designMaterial3Configurations>	

	
	
	<foldable>
        <foldingConfigurations  title="$l10n_Reflektor">
            <foldingConfiguration name="$l10n_ohne" price="0">
				<objectChange node="0>1|0|5|17" visibilityActive="false" />
				<objectChange node="0>1|0|5|19" visibilityActive="false" />
				<objectChange node="0>1|0|5|20" visibilityActive="false" />
				<objectChange node="0>1|0|5|21" visibilityActive="false" />
            </foldingConfiguration>
            <foldingConfiguration name="$l10n_Gelb" price="250">
				<objectChange node="0>1|0|5|17" visibilityActive="true" />
				<objectChange node="0>1|0|5|19" visibilityActive="false" />
				<objectChange node="0>1|0|5|20" visibilityActive="false" />
				<objectChange node="0>1|0|5|21" visibilityActive="false" />
            </foldingConfiguration>
			<foldingConfiguration name="$l10n_SignalGelb" price="500">
				<objectChange node="0>1|0|5|17" visibilityActive="false" />
				<objectChange node="0>1|0|5|19" visibilityActive="true" />
				<objectChange node="0>1|0|5|20" visibilityActive="false" />
				<objectChange node="0>1|0|5|21" visibilityActive="false" />
            </foldingConfiguration>
			<foldingConfiguration name="$l10n_Orange" price="1000">
				<objectChange node="0>1|0|5|17" visibilityActive="false" />
				<objectChange node="0>1|0|5|19" visibilityActive="false" />
				<objectChange node="0>1|0|5|20" visibilityActive="true" />
				<objectChange node="0>1|0|5|21" visibilityActive="false" />
            </foldingConfiguration>
			<foldingConfiguration name="$l10n_Weiss" price="1000">
				<objectChange node="0>1|0|5|17" visibilityActive="false" />
				<objectChange node="0>1|0|5|19" visibilityActive="false" />
				<objectChange node="0>1|0|5|20" visibilityActive="false" />
				<objectChange node="0>1|0|5|21" visibilityActive="true" />
            </foldingConfiguration>
        </foldingConfigurations>
    </foldable>		

	<baseMaterial>
        <material name="flieglDPW180_mat" baseNode="0>1|0|18|0">
            <shaderParameter name="colorMat0" value="0.04 0.04 0.04 0"/>            
        </material>		
        <material name="wb_mat" baseNode="0>0|1|0|4">
            <shaderParameter name="colorMat0" value="0.04 0.04 0.04 0"/>            
        </material>		
        <material name="wbfuss_mat" baseNode="0>0|1|0|0|0">
            <shaderParameter name="colorMat0" value="0.04 0.04 0.04 0"/>            
        </material>		
        <material name="ks950mat" baseNode="0>1|0|5|16">
            <shaderParameter name="colorMat0" value="0.04 0.04 0.04 0"/>            
        </material>		
        <material name="plane_mat" baseNode="0>1|0|5|6|0">
            <shaderParameter name="colorMat0" value="0.04 0.04 0.04 0"/>            
        </material>			
        <material name="plane2_mat" baseNode="0>1|0|5|22|0">
            <shaderParameter name="colorMat1" value="0.04 0.04 0.04 0"/>            
        </material>	
        <material name="bandhalterung_mat" baseNode="0>1|0|5|22|3">
            <shaderParameter name="colorMat0" value="0.04 0.04 0.04 0"/>            
        </material>		
    </baseMaterial>

	<wearable wearDuration="480" workMultiplier="5" fieldMultiplier="2"/>
	<washable dirtDuration="90" washDuration="1" workMultiplier="4"/>
	
	<baseMaterialConfigurations useDefaultColors="true">
		<baseMaterialConfiguration name="WHITE" 				color="SHARED_WHITE2" 			material="32"  	price="1000"/>
		<baseMaterialConfiguration name="WHITE OLD" 			color="SHARED_WHITE2" 			material="6"  	price="0"/>
		<baseMaterialConfiguration name="WHITE MATTE"			color="SHARED_WHITE2"			material="1"  	price="1500"/>
		<baseMaterialConfiguration name="WHITE SATIN"			color="SHARED_WHITE2"			material="27" 	price="2000"/>	
		<baseMaterialConfiguration name="BLACK"					color="SHARED_BLACK2"			material="32"  	price="1000"/>
		<baseMaterialConfiguration name="BLACK OLD"				color="SHARED_BLACK2"			material="6"  	price="0"/>
		<baseMaterialConfiguration name="BLACK MATTE"			color="SHARED_BLACK2"			material="1"    price="1500"/>
		<baseMaterialConfiguration name="BLACK SATIN"			color="SHARED_BLACK2"			material="27" 	price="2000"/>	
        <baseMaterialConfiguration name="FLIEGL" 				color="FLIEGL_GREEN2" 			material="32"   price="1000"/> 		
        <baseMaterialConfiguration name="FLIEGL OLD" 			color="FLIEGL_GREEN2" 			material="6"   	price="0"/> 		
        <baseMaterialConfiguration name="FLIEGL MATTE" 			color="FLIEGL_GREEN2" 			material="1"   	price="1500"/> 	
        <baseMaterialConfiguration name="FLIEGL SATIN" 			color="FLIEGL_GREEN2" 			material="27"  	price="2000"/> 	
        <baseMaterialConfiguration name="GREEN" 				color="KRONE_GREEN1" 			material="32"  	price="1000"/>		
        <baseMaterialConfiguration name="GREEN OLD" 			color="KRONE_GREEN1" 			material="6"  	price="0"/>
		<baseMaterialConfiguration name="GREEN MATTE"			color="KRONE_GREEN1"			material="1"  	price="1500"/>
		<baseMaterialConfiguration name="GREEN SATIN"			color="KRONE_GREEN1"			material="27" 	price="2000"/>
	    <baseMaterialConfiguration  name="Green Blue" 			color="0.0020 0.0697 0.1275 1" 	material="32"  	price="1000"/>  			
	    <baseMaterialConfiguration  name="Green Blue OLD" 		color="0.0020 0.0697 0.1275 1" 	material="6"  	price="0"/>  			
	    <baseMaterialConfiguration  name="Green Blue MATTE" 		color="0.0020 0.0697 0.1275 1"  material="1"  	price="1500"/>  		
	    <baseMaterialConfiguration  name="Green Blue SATIN" 		color="0.0020 0.0697 0.1275 1"  material="27" 	price="2000"/>  	
		<baseMaterialConfiguration name="BLUE" 					color="NEWHOLLAND_BLUE1" 		material="32"  	price="1000"/>			
		<baseMaterialConfiguration name="BLUE OLD" 				color="NEWHOLLAND_BLUE1"		material="6"  	price="0"/>
		<baseMaterialConfiguration name="BLUE MATTE"			color="NEWHOLLAND_BLUE1"		material="1"  	price="1500"/>
		<baseMaterialConfiguration name="BLUE SATIN"			color="NEWHOLLAND_BLUE1"		material="27" 	price="2000"/>
        <baseMaterialConfiguration name="STRAUTMANN RED" 	    color="STRAUTMANN_RED1" 		material="32"  	price="1000" />
        <baseMaterialConfiguration name="STRAUTMANN RED OLD"    color="STRAUTMANN_RED1" 		material="6"  	price="0" />
        <baseMaterialConfiguration name="STRAUTMANN RED MATTE"  color="STRAUTMANN_RED1"			material="1"  	price="1500" />
        <baseMaterialConfiguration name="STRAUTMANN RED SATIN"  color="STRAUTMANN_RED1" 		material="27" 	price="2000" />		
		<baseMaterialConfiguration name="Red"					color="CASEIH_RED1" 			material="32"  	price="0" isDefault="true"/>		
		<baseMaterialConfiguration name="Red OLD"				color="CASEIH_RED1" 			material="6"  	price="0"/>
		<baseMaterialConfiguration name="RED MATTE"				color="CASEIH_RED1"				material="1"  	price="1500"/>		
		<baseMaterialConfiguration name="RED SATIN"				color="CASEIH_RED1"				material="27" 	price="2000"/>				
		<baseMaterialConfiguration name="YELLOW" 				color="JOHNDEERE_YELLOW1" 		material="32"  	price="1000"/>			
		<baseMaterialConfiguration name="YELLOW OLD" 			color="JOHNDEERE_YELLOW1" 		material="6"  	price="0"/>			
		<baseMaterialConfiguration name="YELLOW MATTE"			color="JOHNDEERE_YELLOW1"		material="1"  	price="1500"/>		
		<baseMaterialConfiguration name="YELLOW SATIN"			color="JOHNDEERE_YELLOW1"		material="27" 	price="2000"/>			
		<baseMaterialConfiguration name="ORANGE" 				color="STARA_ORANGE" 			material="32"  	price="1000"/>		
		<baseMaterialConfiguration name="ORANGE OLD" 			color="STARA_ORANGE" 			material="6"  	price="0"/>		
		<baseMaterialConfiguration name="ORANGE MATTE"			color="STARA_ORANGE"			material="1"  	price="1500"/>	
		<baseMaterialConfiguration name="ORANGE SATIN"			color="STARA_ORANGE"			material="27" 	price="2000"/>		
        <baseMaterialConfiguration name="Gun Metal" 	  		color="SHARED_GREY5" 			material="32"  	price="1000"/>			
        <baseMaterialConfiguration name="Gun Metal OLD"   		color="SHARED_GREY5" 			material="6"  	price="0"/>	
        <baseMaterialConfiguration name="Gun Metal MATTE" 		color="SHARED_GREY5" 			material="1"  	price="1500"/>		
        <baseMaterialConfiguration name="Gun Metal SATIN" 		color="SHARED_GREY5" 			material="27" 	price="2000"/>			
		<baseMaterialConfiguration name="Deep Blue" 			color="HATZENBICHLER_DARKBLUE1"	material="32"  	price="1000"/>			
		<baseMaterialConfiguration name="Deep Blue OLD" 		color="HATZENBICHLER_DARKBLUE1"	material="6"  	price="0"/>		
		<baseMaterialConfiguration name="Deep Blue MATTE" 		color="HATZENBICHLER_DARKBLUE1" material="1"  	price="1500"/>	
		<baseMaterialConfiguration name="Deep Blue STATIN" 		color="HATZENBICHLER_DARKBLUE1" material="27" 	price="2000"/>		
        <baseMaterialConfiguration name="HAWE GREY" 			color="0.0962 0.0962 0.0962 1" 	material="32"  	price="1000"/>	
        <baseMaterialConfiguration name="HAWE GREY OLD" 		color="0.0962 0.0962 0.0962 1"  material="6"  	price="0"/>			
        <baseMaterialConfiguration name="HAWE GREY MATTE" 		color="0.0962 0.0962 0.0962 1"  material="1"  	price="1500"/>	
        <baseMaterialConfiguration name="HAWE GREY SATIN" 		color="0.0962 0.0962 0.0962 1"  material="27" 	price="2000"/>	
        <baseMaterialConfiguration name="KRONE YELLOW"  		color="KRONE_YELLOW1" 			material="32"  	price="1000"/>			
        <baseMaterialConfiguration name="KRONE YELLOW OLD" 		color="KRONE_YELLOW1" 			material="6"  	price="0"/>	
		<baseMaterialConfiguration name="KRONE YELLOW MATTE"	color="KRONE_YELLOW1"			material="1"  	price="1500"/>
		<baseMaterialConfiguration name="KRONE YELLOW SATIN"	color="KRONE_YELLOW1"			material="27" 	price="2000"/>	
		<baseMaterialConfiguration name="OLIVE" 				color="URSUS_OLIVE1" 			material="32"  	price="1000"/>
		<baseMaterialConfiguration name="OLIVE OLD"		    	color="URSUS_OLIVE1" 			material="6"    price="0"/>
		<baseMaterialConfiguration name="OLIVE MATTE" 			color="URSUS_OLIVE1" 			material="1" 	price="1500"/>
		<baseMaterialConfiguration name="OLIVE SATIN" 			color="URSUS_OLIVE1" 			material="27" 	price="2000"/>
        <baseMaterialConfiguration name="STAINLESS STEEL" 		color="1 1 1 8"					material="8"  	price="1000"/>
        <baseMaterialConfiguration name="ZINC"					color="1 1 1 4"					material="4"  	price="1000"/>
		<baseMaterialConfiguration name="CHROME" 	    		color="1 1 1 2" 				material="2"  	price="1000"/>
		<baseMaterialConfiguration name="Silver" 				color="SHARED_GREY2" 			material="32"  	price="1000"/>		
        <material name="ks950mat" shaderParameter="colorMat0" />		
    </baseMaterialConfigurations>
	<designMaterialConfigurations useDefaultColors="true">
		<designMaterialConfiguration name="WHITE" 				color="SHARED_WHITE2" 			material="32"  	price="1000"/>
		<designMaterialConfiguration name="WHITE OLD" 			color="SHARED_WHITE2" 			material="6"  	price="0"/>
		<designMaterialConfiguration name="WHITE MATTE"			color="SHARED_WHITE2"			material="1"  	price="1500"/>
		<designMaterialConfiguration name="WHITE SATIN"			color="SHARED_WHITE2"			material="27" 	price="2000"/>	
		<designMaterialConfiguration name="BLACK"				color="SHARED_BLACK2"			material="32"  	price="1000"/>
		<designMaterialConfiguration name="BLACK OLD"			color="SHARED_BLACK2"			material="6" 	price="0"/>
		<designMaterialConfiguration name="BLACK MATTE"			color="SHARED_BLACK2"			material="1" 	price="1500"/>
		<designMaterialConfiguration name="BLACK SATIN"			color="SHARED_BLACK2"			material="27" 	price="2000"/>	
        <designMaterialConfiguration name="FLIEGL" 				color="FLIEGL_GREEN2" 			material="32"  	price="1000"/> 		
        <designMaterialConfiguration name="FLIEGL OLD" 			color="FLIEGL_GREEN2" 			material="6"   	price="0"/> 		
        <designMaterialConfiguration name="FLIEGL MATTE" 		color="FLIEGL_GREEN2" 			material="1"   	price="1500"/> 	
        <designMaterialConfiguration name="FLIEGL SATIN" 		color="FLIEGL_GREEN2" 			material="27"  	price="2000"/> 	
        <designMaterialConfiguration name="GREEN" 				color="KRONE_GREEN1" 			material="32"  	price="1000"/>		
        <designMaterialConfiguration name="GREEN OLD" 			color="KRONE_GREEN1" 			material="6"  	price="0"/>
		<designMaterialConfiguration name="GREEN MATTE"			color="KRONE_GREEN1"			material="1"  	price="1500"/>
		<designMaterialConfiguration name="GREEN SATIN"			color="KRONE_GREEN1"			material="27" 	price="2000"/>
	    <designMaterialConfiguration  name="Green Blue" 			color="0.0020 0.0697 0.1275 1" 	material="32"  	price="1000"/>  			
	    <designMaterialConfiguration  name="Green Blue OLD" 		color="0.0020 0.0697 0.1275 1" 	material="6"  	price="0"/>  			
	    <designMaterialConfiguration  name="Green Blue MATTE" 	color="0.0020 0.0697 0.1275 1"  material="1"  	price="1500"/>  		
	    <designMaterialConfiguration  name="Green Blue SATIN" 	color="0.0020 0.0697 0.1275 1"  material="27" 	price="2000"/>  	
		<designMaterialConfiguration name="BLUE" 				color="NEWHOLLAND_BLUE1" 		material="32"  	price="1000"/>			
		<designMaterialConfiguration name="BLUE OLD" 			color="NEWHOLLAND_BLUE1"		material="6"  	price="0"/>
		<designMaterialConfiguration name="BLUE MATTE"			color="NEWHOLLAND_BLUE1"		material="1"  	price="1500"/>
		<designMaterialConfiguration name="BLUE SATIN"			color="NEWHOLLAND_BLUE1"		material="27" 	price="2000"/>
        <designMaterialConfiguration name="STRAUTMANN RED" 	   	color="STRAUTMANN_RED1" 		material="32"  	price="1000" />
        <designMaterialConfiguration name="STRAUTMANN RED OLD"   color="STRAUTMANN_RED1" 		material="6"  	price="0" />
        <designMaterialConfiguration name="STRAUTMANN RED MATTE" color="STRAUTMANN_RED1"		material="1"  	price="1500" />
        <designMaterialConfiguration name="STRAUTMANN RED SATIN" color="STRAUTMANN_RED1" 		material="27" 	price="2000" />		
		<designMaterialConfiguration name="Red"					color="CASEIH_RED1" 			material="32"  	price="0" isDefault="true"/>		
		<designMaterialConfiguration name="Red OLD"				color="CASEIH_RED1" 			material="6"  	price="0"/>
		<designMaterialConfiguration name="RED MATTE"			color="CASEIH_RED1"				material="1"  	price="1500"/>		
		<designMaterialConfiguration name="RED SATIN"			color="CASEIH_RED1"				material="27" 	price="2000"/>				
		<designMaterialConfiguration name="YELLOW" 				color="JOHNDEERE_YELLOW1" 		material="32"  	price="1000"/>			
		<designMaterialConfiguration name="YELLOW OLD" 			color="JOHNDEERE_YELLOW1" 		material="6"  	price="0"/>			
		<designMaterialConfiguration name="YELLOW MATTE"		color="JOHNDEERE_YELLOW1"		material="1"  	price="1500"/>		
		<designMaterialConfiguration name="YELLOW SATIN"		color="JOHNDEERE_YELLOW1"		material="27" 	price="2000"/>			
		<designMaterialConfiguration name="ORANGE" 				color="STARA_ORANGE" 			material="32"  	price="1000"/>		
		<designMaterialConfiguration name="ORANGE OLD" 			color="STARA_ORANGE" 			material="6"  	price="0"/>		
		<designMaterialConfiguration name="ORANGE MATTE"		color="STARA_ORANGE"			material="1"  	price="1500"/>	
		<designMaterialConfiguration name="ORANGE SATIN"		color="STARA_ORANGE"			material="27" 	price="2000"/>		
        <designMaterialConfiguration name="Gun Metal" 	  		color="SHARED_GREY5" 			material="32"  	price="1000"/>			
        <designMaterialConfiguration name="Gun Metal OLD"   	color="SHARED_GREY5" 			material="6"  	price="0"/>	
        <designMaterialConfiguration name="Gun Metal MATTE" 	color="SHARED_GREY5" 			material="1"  	price="1500"/>		
        <designMaterialConfiguration name="Gun Metal SATIN" 	color="SHARED_GREY5" 			material="27" 	price="2000"/>			
		<designMaterialConfiguration name="Deep Blue" 			color="HATZENBICHLER_DARKBLUE1" material="32"  	price="1000"/>			
		<designMaterialConfiguration name="Deep Blue OLD" 		color="HATZENBICHLER_DARKBLUE1" material="6"  	price="0"/>		
		<designMaterialConfiguration name="Deep Blue MATTE" 	color="HATZENBICHLER_DARKBLUE1" material="1"  	price="1500"/>	
		<designMaterialConfiguration name="Deep Blue STATIN" 	color="HATZENBICHLER_DARKBLUE1" material="27" 	price="2000"/>		
        <designMaterialConfiguration name="HAWE GREY" 			color="0.0962 0.0962 0.0962 1"  material="32"  	price="1000"/>	
        <designMaterialConfiguration name="HAWE GREY OLD" 		color="0.0962 0.0962 0.0962 1"  material="6"  	price="0"/>			
        <designMaterialConfiguration name="HAWE GREY MATTE" 	color="0.0962 0.0962 0.0962 1"  material="1"  	price="1500"/>	
        <designMaterialConfiguration name="HAWE GREY SATIN"  	color="0.0962 0.0962 0.0962 1"  material="27" 	price="2000"/>	
        <designMaterialConfiguration name="KRONE YELLOW"  		color="KRONE_YELLOW1" 			material="32"  	price="1000"/>			
        <designMaterialConfiguration name="KRONE YELLOW OLD" 	color="KRONE_YELLOW1" 			material="6"  	price="0"/>	
		<designMaterialConfiguration name="KRONE YELLOW MATTE"	color="KRONE_YELLOW1"			material="1"  	price="1500"/>
		<designMaterialConfiguration name="KRONE YELLOW SATIN"	color="KRONE_YELLOW1"			material="27" 	price="2000"/>	
		<designMaterialConfiguration name="OLIVE" 				color="URSUS_OLIVE1" 			material="32"  	price="1000"/>
		<designMaterialConfiguration name="OLIVE OLD"		    color="URSUS_OLIVE1" 			material="6"    price="0"/>
		<designMaterialConfiguration name="OLIVE MATTE" 		color="URSUS_OLIVE1" 			material="1" 	price="1500"/>
		<designMaterialConfiguration name="OLIVE SATIN" 		color="URSUS_OLIVE1" 			material="27" 	price="2000"/>
        <designMaterialConfiguration name="STAINLESS STEEL" 	color="1 1 1 8"					material="8"  	price="1000"/>
        <designMaterialConfiguration name="ZINC"				color="1 1 1 4"					material="4"  	price="1000"/>
		<designMaterialConfiguration name="CHROME" 	    		color="1 1 1 2" 				material="2"  	price="1000"/>
		<designMaterialConfiguration name="Silver" 				color="SHARED_GREY2" 			material="32"  	price="1000"/>
        <material name="flieglDPW180_mat" shaderParameter="colorMat0" />
        <material name="bandhalterung_mat" shaderParameter="colorMat0" />	
        <material name="wb_mat" shaderParameter="colorMat0" />
        <material name="wbfuss_mat" shaderParameter="colorMat0" />			
    </designMaterialConfigurations>	
	
    <i3dMappings>
        <i3dMapping id="mainVehicle" node="0>" />
		
		
		
		
        <i3dMapping id="body" node="0>1|0|5"/>
        <i3dMapping id="hydraulicBodyRef" node="0>1|0|5|0"/>
        <i3dMapping id="tipArmRef" node="0>1|0|5|1"/>
        <i3dMapping id="backDoor" node="0>1|0|5|2"/>
        <i3dMapping id="hydraulicBackDoorRef" node="0>1|0|5|2|0"/>
        <i3dMapping id="grainDoorArm" node="0>1|0|5|2|1"/>
        <i3dMapping id="grainDoor" node="0>1|0|5|2|2"/>
        <i3dMapping id="grainDoorArmRef" node="0>1|0|5|2|2|0"/>
        <i3dMapping id="hydraulicBackDoor" node="0>1|0|5|4"/>
        <i3dMapping id="hydraulicBackDoorPunch" node="0>1|0|5|4|0"/>
        <i3dMapping id="hydraulicBackDoorRefFrame" node="0>1|0|5|5"/>
        <i3dMapping id="coverBase" node="0>1|0|5|6"/>
        <i3dMapping id="cover_open" node="0>1|0|5|6|0"/>
        <i3dMapping id="cover_closed" node="0>1|0|5|6|1"/>
        <i3dMapping id="exactFillRootNode" node="0>1|0|5|7|0"/>
        <i3dMapping id="fillAutoAimTarget" node="0>1|0|5|7|1"/>
        <i3dMapping id="fillVolume" node="0>1|0|5|7|2"/>
        <i3dMapping id="fillVolumeHeightNodeBack1" node="0>1|0|5|7|3"/>
        <i3dMapping id="fillVolumeHeightNodeBack2" node="0>1|0|5|7|4"/>
        <i3dMapping id="fillVolumeUnloadInfo" node="0>1|0|5|7|5"/>
        <i3dMapping id="effectNodesBack" node="0>1|0|5|8|0|0"/>
        <i3dMapping id="effectGrainBack" node="0>1|0|5|8|0|0|0"/>
        <i3dMapping id="effectSmokeBack" node="0>1|0|5|8|0|0|1"/>
        <i3dMapping id="effectParticleBack" node="0>1|0|5|8|0|1|0"/>
        <i3dMapping id="effectNodesBackGrainDoor" node="0>1|0|5|8|1|0"/>
        <i3dMapping id="effectGrainDoor" node="0>1|0|5|8|1|0|0"/>
        <i3dMapping id="effectSmokeDoor" node="0>1|0|5|8|1|0|1"/>
        <i3dMapping id="effectParticleDoor" node="0>1|0|5|8|1|1|0"/>
		
        <i3dMapping id="hydraulicBody" node="0>1|0|6"/>
        <i3dMapping id="hydraulicBodyPunch1" node="0>1|0|6|0|0"/>
        <i3dMapping id="hydraulicBodyPunch2" node="0>1|0|6|0|0|0"/>
        <i3dMapping id="hydraulicBodyPunch3" node="0>1|0|6|0|0|0|0"/>
        <i3dMapping id="hydraulicBodyPunch4" node="0>1|0|6|0|0|0|0|0"/>
		
        <i3dMapping id="hydraulicBodyRefFrame" node="0>1|0|7"/>
        <i3dMapping id="tipArm" node="0>1|0|8"/>
        <i3dMapping id="tipArmPart" node="0>1|0|8|0"/>
        <i3dMapping id="dischargeNodeBack" node="0>1|0|15"/>
        <i3dMapping id="dischargeNodeGrainDoor" node="0>1|0|16"/>
    </i3dMappings>
</vehicle>
