﻿<?xml version="1.0" encoding="utf-8" standalone="no" ?>
<modDesc descVersion="61">
    <author>BD_Modding</author>
    <version>1.0.0.0</version>
    
    <title>
        <en>Swap bodies Addon for MAN TGX 2020</en>
        <de>Wechselbrücken Addon für MAN TGX 2020</de>
		<ru>Сменные кузова для MAN TGX 2020</ru>
    </title>
	
    <description>
        <en>
            <![CDATA[Swap bodies addon

The swap body add-on is a provisional add-on for the MAN TGX 2020.
As soon as my swap body pack is published in the Modhub, this addon will be removed again.


Included in the pack
- Krone swap body
- Krampe swap body


Functions
Krone swap body
- Tarpaulins and doors can be opened
- Various configuration options

Krampe swap body
- Animated tipping of bulk material
- Various configuration options


Configurations
Krone swap body
- Design
- design color
- Front wall color
- Plan color

Krampe swap body
- Plans
- warning sign
- reflector
- logo
- main color
- design color
- Plan color


Permissions and important information
Editing and uploading the mod on other sites is NOT allowed!
Model: BD_Modding, Giants
Texture: BD_Modding, Giants
Functions: BD_Modding, Giants
Additional parts: BD_Modding, Giants


Updates / Changelog
V1.0.0.0
Release
]]>
        </en>
        <de>
            <![CDATA[Wechselbrücken Addon
			
Das Wechselbrücken Addon ist ein Provisorisches Addon für den MAN TGX 2020.
Sobald mein Wechselbrücken Pack im Modhub veröffentlicht wird, wird dieses Addon wieder entfernt.


Im Pack enthalten
- Krone Wechselbrücke
- Krampe Wechselbrücke


Funktionen
Krone Wechselbrücke
- Planen und Türen können geöffnet werden
- Diverse Konfigurations-Möglichkeiten

Krampe Wechselbrücke
- Animiertes Abkippen von Schüttgut
- Diverse Konfigurations-Möglichkeiten


Konfigurationen
Krone Wechselbrücke
- Design
- Designfarbe
- Stirnwandfarbe
- Planen Farbe

Krampe Wechselbrücke
- Plane
- Warntafel
- Reflektor
- Logo
- Hauptfarbe
- Designfarbe
- Planen Farbe


Erlaubnisse und wichtige Informationen
Das Bearbeiten und Hochladen des Mods auf anderen Seiten ist NICHT Erlaubt!!!
Model: BD_Modding, Giants
Texture: BD_Modding, Giants
Funktionen: BD_Modding, Giants
Zusatzteile: BD_Modding, Giants


Updates / Changelog
V1.0.0.0
Release
]]>
        </de>
    </description>
	
	<l10n filenamePrefix="languages/l10n"/>
	
    <iconFilename>modicon.png</iconFilename> 
	
    <multiplayer supported="true"/>
	
    <storeItems>    
        <storeItem xmlFilename="Krampe.xml"/>		
        <storeItem xmlFilename="plattform.xml"/>	
    </storeItems>
	<vehicleTypes>
		<type name="ARaufbau" parent="trailer" className="Vehicle" filename="$dataS/scripts/vehicles/Vehicle.lua">	
		</type>
    </vehicleTypes>	
</modDesc>
