<?xml version="1.0" encoding="utf-8" standalone="no"?>
<vehicle type="ARaufbau">
    <annotation>Copyright (C) GIANTS Software GmbH, All Rights Reserved.</annotation>
    <storeData>
        <name>$l10n_name_KroneWB</name>
        <functions>
            <function>$l10n_function_kronewb</function>
        </functions>
        <image>store_krone.dds</image>
        <price>8000</price>
        <lifetime>600</lifetime>
        <rotation>0</rotation>
        <brand>KRONETRAILER</brand>
        <category>misc</category>
    </storeData>
	<base>
        <typeDesc>$l10n_typeDesc_container</typeDesc>
        <filename>plattform.i3d</filename>
        <size width="3" length="6"/>
        <components>
            <component centerOfMass="0 1.1 0" solverIterationCount="10" mass="2000"/>
        </components>
        <schemaOverlay attacherJointPosition="0 0" name="IMPLEMENT" />
    </base>
	<attachable>
        <inputAttacherJoints>
            <inputAttacherJoint node="0>0|0|1|0" jointType="telehandler"/>
        </inputAttacherJoints>
        <support animationName="moveSupport"/>
    </attachable>
	<animations>
        <animation name="moveSupport">
            <part node="0>0|1|0|0" startTime="0" endTime="0.1" startTrans="0.359 0.049 2.772" endTrans="0.895 0.049 2.772"/>		
            <part node="0>0|1|0|0" startTime="0.11" endTime="0.2" startRot="0 0 0" endRot="-90 0 0"/>						
		
            <part node="0>0|1|0|1" startTime="0" endTime="0.1" startTrans="-0.359 0.049 2.772" endTrans="-0.895 0.049 2.772"/>		
            <part node="0>0|1|0|1" startTime="0.11" endTime="0.2" startRot="0 0 180" endRot="90 0 180"/>				

            <part node="0>0|1|0|2" startTime="0" endTime="0.1" startTrans="-0.359 0.049 -2.771" endTrans="-0.895 0.049 -2.771"/>		
            <part node="0>0|1|0|2" startTime="0.11" endTime="0.2" startRot="180 0 180" endRot="90 0 180"/>				

            <part node="0>0|1|0|3" startTime="0" endTime="0.1" startTrans="0.359 0.049 -2.771" endTrans="0.895 0.049 -2.771"/>		
            <part node="0>0|1|0|3" startTime="0.11" endTime="0.2" startRot="-180 0 0" endRot="-90 0 0"/>							
        </animation>	
		
        <animation name="folding">
            <part node="0>1|0|3|1|0"        startTime="0" endTime="2" startRot="0 -190 0" endRot="0 0 0" tangentType="spline"/>
            <part node="0>1|0|3|1|1"       startTime="1" endTime="3" startRot="0 190 0" endRot="0 0 0" tangentType="spline"/>

            <sound template="metalDoorsLoop"  startTime="0.01" endTime="2"    volumeScale="3.5" pitchScale="0.9" fadeIn="0.1" fadeOut="0.1"/>
            <sound template="metalDoorsLoop"  startTime="1"    endTime="2.99" volumeScale="4.4" pitchScale="0.7" fadeIn="0.1" fadeOut="0.1"/>
            <sound template="hingeMedium"     startTime="1"                   volumeScale="2.8" pitchScale="0.7"/>
            <sound template="metalDoorsClose" startTime="2"    direction="1"  volumeScale="3"   pitchScale="0.9"/>
            <sound template="metalClose"      startTime="2"    direction="1"  volumeScale="3"   pitchScale="0.9"/>
            <sound template="clackVar1"       startTime="2"    direction="1"  volumeScale="1"   pitchScale="1.1"/>
            <sound template="cylinderPunch"   startTime="2"    direction="1"  volumeScale="0.4" pitchScale="1.5"/>
            <sound template="metalDoorsClose"  startTime="2.99" direction="1"  volumeScale="3"   pitchScale="0.7"/>
            <sound template="metalClose"      startTime="2.99" direction="1"  volumeScale="2"   pitchScale="1.7"/>
            <sound template="clackVar1"       startTime="2.99" direction="1"  volumeScale="1.7" pitchScale="1.3"/>
            <sound template="cylinderPunch"   startTime="2.99" direction="1"  volumeScale="0.4" pitchScale="1"/>
            <sound template="clackVar6"       startTime="1"    direction="-1" volumeScale="2.3" pitchScale="1"/>
            <sound template="cylinderPunch"   startTime="1"    direction="-1" volumeScale="0.5" pitchScale="1.6"/>
            <sound template="sheetImp02"      startTime="1"    direction="-1" volumeScale="1.3" pitchScale="1.4"/>
            <sound template="clackVar6"       startTime="0.01" direction="-1" volumeScale="2.3" pitchScale="0.8"/>
            <sound template="cylinderPunch"   startTime="0.01" direction="-1" volumeScale="0.5" pitchScale="1.3"/>
            <sound template="sheetImp02"      startTime="0.01" direction="-1" volumeScale="1.3" pitchScale="1.8"/>
            <sound template="clackVar3"       startTime="2.99" direction="-1" volumeScale="1.3" pitchScale="1.8"/>
            <sound template="clackVar3"       startTime="2.01" direction="-1" volumeScale="1.3" pitchScale="1.4"/>
        </animation>
		
		
		
        <animation name="coverAnimationLeftFront">
            <part node="coverLeft_closed"   startTime="0.0" endTime="0.1" startVisibility="true" endVisibility="false"/>
            <part node="coverLeft_openBack" startTime="0.0" endTime="0.1" startVisibility="false" endVisibility="true"/>

            <part node="planksLeftFolded"   startTime="0.1" endTime="1.0" shaderParameter="hideByIndex" shaderStartValues="0 0 0 0" shaderEndValues="15.01 0 0 0" />

            <part node="barLeft01" startTime="4.0" endTime="4.333"  startRot="0.0 0.0 0.0" endRot="0.0 0.0 0.65" />
            <part node="barLeft01" startTime="4.333" endTime="6.0"  startTrans="1.247 3.882 3.317" endTrans="1.247 3.882 -4.697" />
            <part node="barLeft02" startTime="2.333" endTime="2.667"  startRot="0.0 0.0 0.0" endRot="0.0 0.0 0.65" />
            <part node="barLeft02" startTime="2.667" endTime="4.0"  startTrans="1.247 3.882 -0.013" endTrans="1.247 3.882 -4.997" />
            <part node="barLeft03" startTime="1.0" endTime="1.333"  startRot="0.0 0.0 0.0" endRot="0.0 0.0 0.65" />
            <part node="barLeft03" startTime="1.333" endTime="1.933"  startTrans="1.247 3.882 -3.343" endTrans="1.247 3.882 -4.986" startRot="0.0 0.0 0.65" endRot="0.0 0.0 0.2" />
            <part node="barLeft03" startTime="1.933" endTime="2.333"  startTrans="1.247 3.882 -4.986" endTrans="1.247 3.882 -6.081" />

            <part node="colPartLeft02" startTime="4.333" endTime="6.0"  startTrans="1.25 2.5 -3.5" endTrans="1.25 2.5 -5.75" />
            <part node="colPartLeft03" startTime="4.333" endTime="6.0"  startTrans="1.25 2.5 -1.25" endTrans="1.25 2.5 -5.75" />
            <part node="colPartLeft04" startTime="4.333" endTime="6.0"  startTrans="1.25 2.5 1.0" endTrans="1.25 2.5 -5.75" />
            <part node="colPartLeft05" startTime="1.0" endTime="4.333"  startTrans="1.25 2.5 3.25" endTrans="1.25 2.5 0.0" />
            <part node="colPartLeft05" startTime="4.333" endTime="6.0"  startTrans="1.25 2.5 0.0" endTrans="1.25 2.5 -5.75" />
            <part node="colPartLeft06" startTime="1.0" endTime="4.333"  startTrans="1.25 2.5 5.5" endTrans="1.25 2.5 2.25" />
            <part node="colPartLeft06" startTime="4.333" endTime="6.0"  startTrans="1.25 2.5 2.25" endTrans="1.25 2.5 -5.75" />

            <sound template="fabricCover1"    startTime="0.01" direction="0"  volumeScale="5"   pitchScale="1"/>
            <sound template="slideOpen"       startTime="1.2"  direction="1"  volumeScale="5"   pitchScale="1"/>
            <sound template="slideOpen"       startTime="2.6"  direction="0"  volumeScale="5"   pitchScale="0.7"/>
            <sound template="slideOpen"       startTime="4.3"  direction="0"  volumeScale="6"   pitchScale="0.5"/>
            <sound template="slideOpen"       startTime="5.99" direction="-1" volumeScale="6"   pitchScale="0.6"/>
            <sound template="palletsFillWood" startTime="0.1"                 volumeScale="3.5" pitchScale="1"/>
            <sound template="palletsFillWood" startTime="0.2"                 volumeScale="3.5" pitchScale="1"/>
            <sound template="palletsFillWood" startTime="0.3"                 volumeScale="3.5" pitchScale="1"/>
            <sound template="palletsFillWood" startTime="0.4"                 volumeScale="3.5" pitchScale="1"/>
            <sound template="palletsFillWood" startTime="0.5"                 volumeScale="3.5" pitchScale="1"/>
            <sound template="palletsFillWood" startTime="0.6"                 volumeScale="3.5" pitchScale="1"/>
            <sound template="palletsFillWood" startTime="0.7"                 volumeScale="3.5" pitchScale="1"/>
            <sound template="palletsFillWood" startTime="0.8"                 volumeScale="3.5" pitchScale="1"/>
            <sound template="palletsFillWood" startTime="0.9"                 volumeScale="3.5" pitchScale="1"/>
            <sound template="palletsFillWood" startTime="0.99"                volumeScale="3.5" pitchScale="1"/>
        </animation>
		
        <animation name="coverAnimationLeftBack">
            <part node="coverLeft_closed"    startTime="0.0" endTime="0.1" startVisibility="true" endVisibility="false"/>
            <part node="coverLeft_openFront" startTime="0.0" endTime="0.1" startVisibility="false" endVisibility="true"/>

            <part node="planksLeftFolded"   startTime="0.1" endTime="1.0" shaderParameter="hideByIndex" shaderStartValues="0 0 0 0" shaderEndValues="15.01 0 0 0" />

            <part node="barLeft01" startTime="1.0" endTime="1.222"  startRot="0.0 0.0 0.0" endRot="0.0 0.0 0.65" />
            <part node="barLeft01" startTime="1.222" endTime="1.667"  startTrans="1.247 3.882 3.317" endTrans="1.247 3.882 4.408" />
            <part node="barLeft01" startTime="1.667" endTime="1.889"  startTrans="1.247 3.882 4.408" endTrans="1.247 3.882 4.954" startRot="0.0 0.0 0.65" endRot="0.0 0.0 0.0" />
            <part node="barLeft01" startTime="1.889" endTime="2.333"  startTrans="1.247 3.882 4.954" endTrans="1.247 3.882 6.044" startRot="0.0 0.0 0.0" endRot="0.0 0.0 0.65" />
            <part node="barLeft02" startTime="2.333" endTime="2.667"  startRot="0.0 0.0 0.0" endRot="0.0 0.0 0.65" />
            <part node="barLeft02" startTime="2.667" endTime="4.0"  startTrans="1.247 3.882 -0.013" endTrans="1.247 3.882 4.908" />
            <part node="barLeft03" startTime="4.0" endTime="4.333"  startRot="0.0 0.0 0.0" endRot="0.0 0.0 0.65" />
            <part node="barLeft03" startTime="4.333" endTime="6.0"  startTrans="1.247 3.882 -3.343" endTrans="1.247 3.882 4.617" />

            <part node="colPartLeft01" startTime="1.0" endTime="4.333"  startTrans="1.25 2.5 -5.75" endTrans="1.25 2.5 -2.25" />
            <part node="colPartLeft01" startTime="4.333" endTime="6.0"  startTrans="1.25 2.5 -2.25" endTrans="1.25 2.5 5.5" />
            <part node="colPartLeft02" startTime="1.0" endTime="4.333"  startTrans="1.25 2.5 -3.5" endTrans="1.25 2.5 0.0" />
            <part node="colPartLeft02" startTime="4.333" endTime="6.0"  startTrans="1.25 2.5 0.0" endTrans="1.25 2.5 5.5" />
            <part node="colPartLeft03" startTime="4.333" endTime="6.0"  startTrans="1.25 2.5 -1.25" endTrans="1.25 2.5 5.5" />
            <part node="colPartLeft04" startTime="4.333" endTime="6.0"  startTrans="1.25 2.5 1.0" endTrans="1.25 2.5 5.5" />
            <part node="colPartLeft05" startTime="4.333" endTime="6.0"  startTrans="1.25 2.5 3.25" endTrans="1.25 2.5 5.5" />

            <sound template="fabricCover1"    startTime="0.01" direction="0"  volumeScale="5"   pitchScale="1"/>
            <sound template="slideOpen"       startTime="1.2"  direction="1"  volumeScale="5"   pitchScale="1"/>
            <sound template="slideOpen"       startTime="2.6"  direction="0"  volumeScale="5"   pitchScale="0.7"/>
            <sound template="slideOpen"       startTime="4.3"  direction="0"  volumeScale="6"   pitchScale="0.5"/>
            <sound template="slideOpen"       startTime="5.99" direction="-1" volumeScale="6"   pitchScale="0.6"/>
            <sound template="palletsFillWood" startTime="0.1"                 volumeScale="3.5" pitchScale="1"/>
            <sound template="palletsFillWood" startTime="0.2"                 volumeScale="3.5" pitchScale="1"/>
            <sound template="palletsFillWood" startTime="0.3"                 volumeScale="3.5" pitchScale="1"/>
            <sound template="palletsFillWood" startTime="0.4"                 volumeScale="3.5" pitchScale="1"/>
            <sound template="palletsFillWood" startTime="0.5"                 volumeScale="3.5" pitchScale="1"/>
            <sound template="palletsFillWood" startTime="0.6"                 volumeScale="3.5" pitchScale="1"/>
            <sound template="palletsFillWood" startTime="0.7"                 volumeScale="3.5" pitchScale="1"/>
            <sound template="palletsFillWood" startTime="0.8"                 volumeScale="3.5" pitchScale="1"/>
            <sound template="palletsFillWood" startTime="0.9"                 volumeScale="3.5" pitchScale="1"/>
            <sound template="palletsFillWood" startTime="0.99"                volumeScale="3.5" pitchScale="1"/>
        </animation>
		
        <animation name="coverAnimationRightFront">
            <part node="coverRight_closed"   startTime="0.0" endTime="0.1" startVisibility="true" endVisibility="false"/>
            <part node="coverRight_openBack" startTime="0.0" endTime="0.1" startVisibility="false" endVisibility="true"/>

            <part node="planksRightFolded"   startTime="0.1" endTime="1.0" shaderParameter="hideByIndex" shaderStartValues="0 0 0 0" shaderEndValues="15.01 0 0 0" />

            <part node="barRight01" startTime="4.0" endTime="4.333"  startRot="0.0 0.0 0.0" endRot="0.0 0.0 -0.65" />
            <part node="barRight01" startTime="4.333" endTime="6.0"  startTrans="-1.247 3.882 3.317" endTrans="-1.247 3.882 -4.697" />
            <part node="barRight02" startTime="2.333" endTime="2.667"  startRot="0.0 0.0 0.0" endRot="0.0 0.0 -0.65" />
            <part node="barRight02" startTime="2.667" endTime="4.0"  startTrans="-1.247 3.882 -0.013" endTrans="-1.247 3.882 -4.997" />
            <part node="barRight03" startTime="1.0" endTime="1.333"  startRot="0.0 0.0 0.0" endRot="0.0 0.0 -0.65" />
            <part node="barRight03" startTime="1.333" endTime="1.933"  startTrans="-1.247 3.882 -3.343" endTrans="-1.247 3.882 -5.016" startRot="0.0 0.0 -0.65" endRot="0.0 0.0 0.0" />
            <part node="barRight03" startTime="1.933" endTime="2.333"  startTrans="-1.247 3.882 -5.016" endTrans="-1.247 3.882 -6.131" />

            <part node="colPartRight02" startTime="4.333" endTime="6.0"  startTrans="-1.25 2.5 -3.5" endTrans="-1.25 2.5 -5.75" />
            <part node="colPartRight03" startTime="4.333" endTime="6.0"  startTrans="-1.25 2.5 -1.25" endTrans="-1.25 2.5 -5.75" />
            <part node="colPartRight04" startTime="4.333" endTime="6.0"  startTrans="-1.25 2.5 1.0" endTrans="-1.25 2.5 -5.75" />
            <part node="colPartRight05" startTime="1.0" endTime="4.333"  startTrans="-1.25 2.5 3.25" endTrans="-1.25 2.5 0.0" />
            <part node="colPartRight05" startTime="4.333" endTime="6.0"  startTrans="-1.25 2.5 0.0" endTrans="-1.25 2.5 -5.75" />
            <part node="colPartRight06" startTime="1.0" endTime="4.333"  startTrans="-1.25 2.5 5.5" endTrans="-1.25 2.5 2.25" />
            <part node="colPartRight06" startTime="4.333" endTime="6.0"  startTrans="-1.25 2.5 2.25" endTrans="-1.25 2.5 -5.75" />

            <sound template="fabricCover1"    startTime="0.01" direction="0"  volumeScale="5"   pitchScale="1"/>
            <sound template="slideOpen"       startTime="1.2"  direction="1"  volumeScale="5"   pitchScale="1"/>
            <sound template="slideOpen"       startTime="2.6"  direction="0"  volumeScale="5"   pitchScale="0.7"/>
            <sound template="slideOpen"       startTime="4.3"  direction="0"  volumeScale="6"   pitchScale="0.5"/>
            <sound template="slideOpen"       startTime="5.99" direction="-1" volumeScale="6"   pitchScale="0.6"/>
            <sound template="palletsFillWood" startTime="0.1"                 volumeScale="3.5" pitchScale="1"/>
            <sound template="palletsFillWood" startTime="0.2"                 volumeScale="3.5" pitchScale="1"/>
            <sound template="palletsFillWood" startTime="0.3"                 volumeScale="3.5" pitchScale="1"/>
            <sound template="palletsFillWood" startTime="0.4"                 volumeScale="3.5" pitchScale="1"/>
            <sound template="palletsFillWood" startTime="0.5"                 volumeScale="3.5" pitchScale="1"/>
            <sound template="palletsFillWood" startTime="0.6"                 volumeScale="3.5" pitchScale="1"/>
            <sound template="palletsFillWood" startTime="0.7"                 volumeScale="3.5" pitchScale="1"/>
            <sound template="palletsFillWood" startTime="0.8"                 volumeScale="3.5" pitchScale="1"/>
            <sound template="palletsFillWood" startTime="0.9"                 volumeScale="3.5" pitchScale="1"/>
            <sound template="palletsFillWood" startTime="0.99"                volumeScale="3.5" pitchScale="1"/>
        </animation>
        <animation name="coverAnimationRightBack">
            <part node="coverRight_closed"    startTime="0.0" endTime="0.1" startVisibility="true" endVisibility="false"/>
            <part node="coverRight_openFront" startTime="0.0" endTime="0.1" startVisibility="false" endVisibility="true"/>

            <part node="planksRightFolded"   startTime="0.1" endTime="1.0" shaderParameter="hideByIndex" shaderStartValues="0 0 0 0" shaderEndValues="15.01 0 0 0" />

            <part node="barRight01" startTime="1.0" endTime="1.222"  startRot="0.0 0.0 0.0" endRot="0.0 0.0 -0.65" />
            <part node="barRight01" startTime="1.222" endTime="1.667"  startTrans="-1.247 3.882 3.317" endTrans="-1.247 3.882 4.408" />
            <part node="barRight01" startTime="1.667" endTime="1.889"  startTrans="-1.247 3.882 4.408" endTrans="-1.247 3.882 4.954" startRot="0.0 0.0 -0.65" endRot="0.0 0.0 0.0" />
            <part node="barRight01" startTime="1.889" endTime="2.333"  startTrans="-1.247 3.882 4.954" endTrans="-1.247 3.882 6.044" startRot="0.0 0.0 0.0" endRot="0.0 0.0 0.0" />
            <part node="barRight02" startTime="2.333" endTime="2.667"  startRot="0.0 0.0 0.0" endRot="0.0 0.0 -0.65" />
            <part node="barRight02" startTime="2.667" endTime="4.0"  startTrans="-1.247 3.882 -0.013" endTrans="-1.247 3.882 4.908" />
            <part node="barRight03" startTime="4.0" endTime="4.333"  startRot="0.0 0.0 0.0" endRot="0.0 0.0 -0.65" />
            <part node="barRight03" startTime="4.333" endTime="6.0"  startTrans="-1.247 3.882 -3.343" endTrans="-1.247 3.882 4.617" />

            <part node="colPartRight01" startTime="1.0" endTime="4.333"  startTrans="-1.25 2.5 -5.75" endTrans="-1.25 2.5 -2.25" />
            <part node="colPartRight01" startTime="4.333" endTime="6.0"  startTrans="-1.25 2.5 -2.25" endTrans="-1.25 2.5 5.5" />
            <part node="colPartRight02" startTime="1.0" endTime="4.333"  startTrans="-1.25 2.5 -3.5" endTrans="-1.25 2.5 0.0" />
            <part node="colPartRight02" startTime="4.333" endTime="6.0"  startTrans="-1.25 2.5 0.0" endTrans="-1.25 2.5 5.5" />
            <part node="colPartRight03" startTime="4.333" endTime="6.0"  startTrans="-1.25 2.5 -1.25" endTrans="-1.25 2.5 5.5" />
            <part node="colPartRight04" startTime="4.333" endTime="6.0"  startTrans="-1.25 2.5 1.0" endTrans="-1.25 2.5 5.5" />
            <part node="colPartRight05" startTime="4.333" endTime="6.0"  startTrans="-1.25 2.5 3.25" endTrans="-1.25 2.5 5.5" />

            <sound template="fabricCover1"    startTime="0.01" direction="0"  volumeScale="5"   pitchScale="1"/>
            <sound template="slideOpen"       startTime="1.2"  direction="1"  volumeScale="5"   pitchScale="1"/>
            <sound template="slideOpen"       startTime="2.6"  direction="0"  volumeScale="5"   pitchScale="0.7"/>
            <sound template="slideOpen"       startTime="4.3"  direction="0"  volumeScale="6"   pitchScale="0.5"/>
            <sound template="slideOpen"       startTime="5.99" direction="-1" volumeScale="6"   pitchScale="0.6"/>
            <sound template="palletsFillWood" startTime="0.1"                 volumeScale="3.5" pitchScale="1"/>
            <sound template="palletsFillWood" startTime="0.2"                 volumeScale="3.5" pitchScale="1"/>
            <sound template="palletsFillWood" startTime="0.3"                 volumeScale="3.5" pitchScale="1"/>
            <sound template="palletsFillWood" startTime="0.4"                 volumeScale="3.5" pitchScale="1"/>
            <sound template="palletsFillWood" startTime="0.5"                 volumeScale="3.5" pitchScale="1"/>
            <sound template="palletsFillWood" startTime="0.6"                 volumeScale="3.5" pitchScale="1"/>
            <sound template="palletsFillWood" startTime="0.7"                 volumeScale="3.5" pitchScale="1"/>
            <sound template="palletsFillWood" startTime="0.8"                 volumeScale="3.5" pitchScale="1"/>
            <sound template="palletsFillWood" startTime="0.9"                 volumeScale="3.5" pitchScale="1"/>
            <sound template="palletsFillWood" startTime="0.99"                volumeScale="3.5" pitchScale="1"/>
        </animation>
    </animations>	
    <lights>	
    </lights>	

    <tensionBelts>
        <tensionBeltsConfigurations>
            <tensionBeltsConfiguration >
                <tensionBelts linkNode="0>1|0|1" rootNode="0>" jointNode="0>" width="0.075" maxEdgeLength="0.1" geometryBias="0.01" ratchetPosition="0.2" defaultOffset="-0.25" defaultOffsetSide="0.1" defaultHeight="2.75" interactionRadius="1.5" totalInteractionRadius="6.5" activationTrigger="0>1|0|1|0">
                    <tensionBelt startNode="0>1|0|1|1" endNode="0>1|0|1|1|0" offsetLeft="0.95"/>
                    <tensionBelt startNode="0>1|0|1|2" endNode="0>1|0|1|2|0"/>
                    <tensionBelt startNode="0>1|0|1|3" endNode="0>1|0|1|3|0"/>
                    <tensionBelt startNode="0>1|0|1|4" endNode="0>1|0|1|4|0"/>                            
                    <tensionBelt startNode="0>1|0|1|5" endNode="0>1|0|1|5|0"/>
                    <tensionBelt startNode="0>1|0|1|6" endNode="0>1|0|1|6|0" offsetRight="0.8"/>
                    <sounds>
                        <toggleBelt template="beltClose" />
                        <addBelt template="beltOpen" />
                        <removeBelt template="beltClose" />
                    </sounds>
                </tensionBelts>
            </tensionBeltsConfiguration>
        </tensionBeltsConfigurations>
    </tensionBelts> 
	
    <foldable>
        <foldingConfigurations>
            <foldingConfiguration>
                <foldingParts startMoveDirection="1" posDirectionText="$l10n_action_closeBackDoor" negDirectionText="$l10n_action_openBackDoor">
                    <foldingPart animationName="folding" speedScale="1" />
                </foldingParts>
              </foldingConfiguration>
        </foldingConfigurations>
    </foldable>

    <trailer>
        <trailerConfigurations>
            <trailerConfiguration>
                <trailer infoText="$l10n_info_openCurtain">
                    <tipSide name="$l10n_info_curtainLeftFront" dischargeNodeIndex="1">
                        <manualTipToggle enabled="true" stopOnDeactivate="false" inputActionTextPos="$l10n_action_curtainSideOpen" inputActionTextNeg="$l10n_action_curtainSideClose"/>
                        <animation name="coverAnimationLeftFront" speedScale="1.0" />
                    </tipSide>
                    <tipSide name="$l10n_info_curtainLeftBack" dischargeNodeIndex="2">
                        <manualTipToggle enabled="true" stopOnDeactivate="false" inputActionTextPos="$l10n_action_curtainSideOpen" inputActionTextNeg="$l10n_action_curtainSideClose"/>
                        <animation name="coverAnimationLeftBack" speedScale="1.0" />
                    </tipSide>
                    <tipSide name="$l10n_info_curtainRightFront" dischargeNodeIndex="3">
                        <manualTipToggle enabled="true" stopOnDeactivate="false" inputActionTextPos="$l10n_action_curtainSideOpen" inputActionTextNeg="$l10n_action_curtainSideClose"/>
                        <animation name="coverAnimationRightFront" speedScale="1.0" />
                    </tipSide>
                    <tipSide name="$l10n_info_curtainRightBack" dischargeNodeIndex="4">
                        <manualTipToggle enabled="true" stopOnDeactivate="false" inputActionTextPos="$l10n_action_curtainSideOpen" inputActionTextNeg="$l10n_action_curtainSideClose"/>
                        <animation name="coverAnimationRightBack" speedScale="1.0" />
                    </tipSide>
                </trailer>
            </trailerConfiguration>
        </trailerConfigurations>
    </trailer>	
	<baseMaterial>	
        <material name="wb_mat" baseNode="0>0|1|0|4">
            <shaderParameter name="colorMat0" value="0.04 0.04 0.04 0"/>            
        </material>		
        <material name="wb_rahmen_mat" baseNode="0>0|1|0|5|0">
            <shaderParameter name="colorMat0" value="0.04 0.04 0.04 0"/>            
        </material>		
        <material name="wbfuss_mat" baseNode="0>0|1|0|0|0">
            <shaderParameter name="colorMat0" value="0.04 0.04 0.04 0"/>            
        </material>		

        <material name="profiLiner_mat" baseNode="0>1|0|3">
            <shaderParameter name="colorMat0" value="KRONE_BLUE5"/>
            <shaderParameter name="colorMat1" value="0.9 0.9 0.9 0"/>
        </material>
        <material name="profiLinerAlpha_mat" baseNode="0>1|0|3|0|0">
            <shaderParameter name="colorMat0" value="KRONE_BLUE5"/>
            <shaderParameter name="colorMat1" value="0.9 0.9 0.9 0"/>
        </material>
        <material name="profiLinerCurtains_mat" baseNode="coverLeft_closed">
            <shaderParameter name="colorMat0" value="0.9 0.9 0.9 0"/>
            <shaderParameter name="colorMat1" value="0.85 0.85 0.85 0"/>
        </material>
    </baseMaterial>
	<wearable wearDuration="480" workMultiplier="5" fieldMultiplier="2"/>
	<washable dirtDuration="90" washDuration="1" workMultiplier="4"/>
    <designConfigurations>
        <designConfiguration name="Krone" price="500" displayBrand="KRONETRAILER">
            <objectChange node="0>1|0|3|1|0|0|0" visibilityActive="true" visibilityInactive="false"/>
            <objectChange node="0>1|0|3|1|1|0|0" visibilityActive="true" visibilityInactive="false"/>
            <objectChange node="0>1|0|3|1|2|0|0|0" visibilityActive="true" visibilityInactive="false"/>
            <objectChange node="0>1|0|3|1|2|1|0|0" visibilityActive="true" visibilityInactive="false"/>
            <objectChange node="0>1|0|3|1|2|2|0|0" visibilityActive="true" visibilityInactive="false"/>
            <objectChange node="0>1|0|3|1|2|3|0|0" visibilityActive="true" visibilityInactive="false"/>
            <objectChange node="0>1|0|3|1|2|4|0|1" visibilityActive="true" visibilityInactive="false"/>
            <objectChange node="0>1|0|3|1|2|5|0|0" visibilityActive="true" visibilityInactive="false"/>
        </designConfiguration>
        <designConfiguration name="GIANTS" price="500" displayBrand="GIANTS">
            <objectChange node="0>1|0|3|1|0|0|1" visibilityActive="true" visibilityInactive="false"/>
            <objectChange node="0>1|0|3|1|1|0|1" visibilityActive="true" visibilityInactive="false"/>
            <objectChange node="0>1|0|3|1|2|0|0|1" visibilityActive="true" visibilityInactive="false"/>
            <objectChange node="0>1|0|3|1|2|1|0|1" visibilityActive="true" visibilityInactive="false"/>
            <objectChange node="0>1|0|3|1|2|2|0|1" visibilityActive="true" visibilityInactive="false"/>
            <objectChange node="0>1|0|3|1|2|3|0|1" visibilityActive="true" visibilityInactive="false"/>
            <objectChange node="0>1|0|3|1|2|4|0|0" visibilityActive="true" visibilityInactive="false"/>
            <objectChange node="0>1|0|3|1|2|5|0|1" visibilityActive="true" visibilityInactive="false"/>
        </designConfiguration>
        <designConfiguration name="$l10n_configuration_valueDefault" price="0">
        </designConfiguration>
    </designConfigurations>	
	<design3Configurations title="$l10n_aufbau">
		<design3Configuration name="$l10n_furlkwmitspoiler" price="0">	
             <objectChange node="0>1|0|3" 	scaleActive="1 0.415 0.847"	translationActive="0 0.479 -2.536"/>	
		</design3Configuration>
    </design3Configurations>	
    <designMaterial2Configurations price="500" useDefaultColors="true" title="$l10n_Aufbauvorne">
		<designMaterial2Configuration name="WHITE" 				color="SHARED_WHITE2" 			material="32"  	price="1000"/>
		<designMaterial2Configuration name="WHITE OLD" 			color="SHARED_WHITE2" 			material="6"  	price="0"/>
		<designMaterial2Configuration name="WHITE MATTE"			color="SHARED_WHITE2"			material="1"  	price="1500"/>
		<designMaterial2Configuration name="WHITE SATIN"			color="SHARED_WHITE2"			material="27" 	price="2000"/>	
		<designMaterial2Configuration name="BLACK"				color="SHARED_BLACK2"			material="32"  	price="1000"/>
		<designMaterial2Configuration name="BLACK OLD"			color="SHARED_BLACK2"			material="6" 	price="0"/>
		<designMaterial2Configuration name="BLACK MATTE"			color="SHARED_BLACK2"			material="1" 	price="1500"/>
		<designMaterial2Configuration name="BLACK SATIN"			color="SHARED_BLACK2"			material="27" 	price="2000"/>	
        <designMaterial2Configuration name="FLIEGL" 				color="FLIEGL_GREEN2" 			material="32"  	price="1000"/> 		
        <designMaterial2Configuration name="FLIEGL OLD" 			color="FLIEGL_GREEN2" 			material="6"   	price="0"/> 		
        <designMaterial2Configuration name="FLIEGL MATTE" 		color="FLIEGL_GREEN2" 			material="1"   	price="1500"/> 	
        <designMaterial2Configuration name="FLIEGL SATIN" 		color="FLIEGL_GREEN2" 			material="27"  	price="2000"/> 	
        <designMaterial2Configuration name="GREEN" 				color="KRONE_GREEN1" 			material="32"  	price="1000"/>		
        <designMaterial2Configuration name="GREEN OLD" 			color="KRONE_GREEN1" 			material="6"  	price="0"/>
		<designMaterial2Configuration name="GREEN MATTE"			color="KRONE_GREEN1"			material="1"  	price="1500"/>
		<designMaterial2Configuration name="GREEN SATIN"			color="KRONE_GREEN1"			material="27" 	price="2000"/>
	    <designMaterial2Configuration  name="Green Blue" 			color="0.0020 0.0697 0.1275 1" 	material="32"  	price="1000"/>  			
	    <designMaterial2Configuration  name="Green Blue OLD" 		color="0.0020 0.0697 0.1275 1" 	material="6"  	price="0"/>  			
	    <designMaterial2Configuration  name="Green Blue MATTE" 	color="0.0020 0.0697 0.1275 1"  material="1"  	price="1500"/>  		
	    <designMaterial2Configuration  name="Green Blue SATIN" 	color="0.0020 0.0697 0.1275 1"  material="27" 	price="2000"/>  	
		<designMaterial2Configuration name="BLUE" 				color="NEWHOLLAND_BLUE1" 		material="32"  	price="1000"/>			
		<designMaterial2Configuration name="BLUE OLD" 			color="NEWHOLLAND_BLUE1"		material="6"  	price="0"/>
		<designMaterial2Configuration name="BLUE MATTE"			color="NEWHOLLAND_BLUE1"		material="1"  	price="1500"/>
		<designMaterial2Configuration name="BLUE SATIN"			color="NEWHOLLAND_BLUE1"		material="27" 	price="2000"/>
        <designMaterial2Configuration name="STRAUTMANN RED" 	   	color="STRAUTMANN_RED1" 		material="32"  	price="1000" />
        <designMaterial2Configuration name="STRAUTMANN RED OLD"   color="STRAUTMANN_RED1" 		material="6"  	price="0" />
        <designMaterial2Configuration name="STRAUTMANN RED MATTE" color="STRAUTMANN_RED1"		material="1"  	price="1500" />
        <designMaterial2Configuration name="STRAUTMANN RED SATIN" color="STRAUTMANN_RED1" 		material="27" 	price="2000" />		
		<designMaterial2Configuration name="Red"					color="CASEIH_RED1" 			material="32"  	price="1000"/>		
		<designMaterial2Configuration name="Red OLD"				color="CASEIH_RED1" 			material="6"  	price="0"/>
		<designMaterial2Configuration name="RED MATTE"			color="CASEIH_RED1"				material="1"  	price="1500"/>		
		<designMaterial2Configuration name="RED SATIN"			color="CASEIH_RED1"				material="27" 	price="2000"/>				
		<designMaterial2Configuration name="YELLOW" 				color="JOHNDEERE_YELLOW1" 		material="32"  	price="1000"/>			
		<designMaterial2Configuration name="YELLOW OLD" 			color="JOHNDEERE_YELLOW1" 		material="6"  	price="0"/>			
		<designMaterial2Configuration name="YELLOW MATTE"		color="JOHNDEERE_YELLOW1"		material="1"  	price="1500"/>		
		<designMaterial2Configuration name="YELLOW SATIN"		color="JOHNDEERE_YELLOW1"		material="27" 	price="2000"/>			
		<designMaterial2Configuration name="ORANGE" 				color="STARA_ORANGE" 			material="32"  	price="1000"/>		
		<designMaterial2Configuration name="ORANGE OLD" 			color="STARA_ORANGE" 			material="6"  	price="0"/>		
		<designMaterial2Configuration name="ORANGE MATTE"		color="STARA_ORANGE"			material="1"  	price="1500"/>	
		<designMaterial2Configuration name="ORANGE SATIN"		color="STARA_ORANGE"			material="27" 	price="2000"/>		
        <designMaterial2Configuration name="Gun Metal" 	  		color="SHARED_GREY5" 			material="32"  	price="1000"/>			
        <designMaterial2Configuration name="Gun Metal OLD"   	color="SHARED_GREY5" 			material="6"  	price="0"/>	
        <designMaterial2Configuration name="Gun Metal MATTE" 	color="SHARED_GREY5" 			material="1"  	price="1500"/>		
        <designMaterial2Configuration name="Gun Metal SATIN" 	color="SHARED_GREY5" 			material="27" 	price="2000"/>			
		<designMaterial2Configuration name="Deep Blue" 			color="HATZENBICHLER_DARKBLUE1" material="32"  	price="1000"/>			
		<designMaterial2Configuration name="Deep Blue OLD" 		color="HATZENBICHLER_DARKBLUE1" material="6"  	price="0"/>		
		<designMaterial2Configuration name="Deep Blue MATTE" 	color="HATZENBICHLER_DARKBLUE1" material="1"  	price="1500"/>	
		<designMaterial2Configuration name="Deep Blue STATIN" 	color="HATZENBICHLER_DARKBLUE1" material="27" 	price="2000"/>		
        <designMaterial2Configuration name="HAWE GREY" 			color="0.0962 0.0962 0.0962 1"  material="32"  	price="1000"/>	
        <designMaterial2Configuration name="HAWE GREY OLD" 		color="0.0962 0.0962 0.0962 1"  material="6"  	price="0"/>			
        <designMaterial2Configuration name="HAWE GREY MATTE" 	color="0.0962 0.0962 0.0962 1"  material="1"  	price="1500"/>	
        <designMaterial2Configuration name="HAWE GREY SATIN"  	color="0.0962 0.0962 0.0962 1"  material="27" 	price="2000"/>	
        <designMaterial2Configuration name="KRONE YELLOW"  		color="KRONE_YELLOW1" 			material="32"  	price="1000"/>			
        <designMaterial2Configuration name="KRONE YELLOW OLD" 	color="KRONE_YELLOW1" 			material="6"  	price="0"/>	
		<designMaterial2Configuration name="KRONE YELLOW MATTE"	color="KRONE_YELLOW1"			material="1"  	price="1500"/>
		<designMaterial2Configuration name="KRONE YELLOW SATIN"	color="KRONE_YELLOW1"			material="27" 	price="2000"/>	
		<designMaterial2Configuration name="OLIVE" 				color="URSUS_OLIVE1" 			material="32"  	price="1000"/>
		<designMaterial2Configuration name="OLIVE OLD"		    color="URSUS_OLIVE1" 			material="6"    price="0"/>
		<designMaterial2Configuration name="OLIVE MATTE" 		color="URSUS_OLIVE1" 			material="1" 	price="1500"/>
		<designMaterial2Configuration name="OLIVE SATIN" 		color="URSUS_OLIVE1" 			material="27" 	price="2000"/>
        <designMaterial2Configuration name="STAINLESS STEEL" 	color="1 1 1 8"					material="8"  	price="1000"/>
        <designMaterial2Configuration name="ZINC"				color="1 1 1 4"					material="4"  	price="1000"/>
		<designMaterial2Configuration name="CHROME" 	    		color="1 1 1 2" 				material="2"  	price="1000"/>
		<designMaterial2Configuration name="Silver" 				color="SHARED_GREY2" 			material="32"  	price="1000"/>		
        <material name="profiLinerAlpha_mat" shaderParameter="colorMat1"/>
        <material name="profiLiner_mat" shaderParameter="colorMat1"/>	
    </designMaterial2Configurations>		
	
    <designMaterial3Configurations price="500" useDefaultColors="true" title="$l10n_Plane">
		<designMaterial3Configuration name="WHITE" 				color="SHARED_WHITE2" 			material="32"  	price="1000"/>
		<designMaterial3Configuration name="WHITE OLD" 			color="SHARED_WHITE2" 			material="6"  	price="0"/>
		<designMaterial3Configuration name="WHITE MATTE"			color="SHARED_WHITE2"			material="1"  	price="1500"/>
		<designMaterial3Configuration name="WHITE SATIN"			color="SHARED_WHITE2"			material="27" 	price="2000"/>	
		<designMaterial3Configuration name="BLACK"				color="SHARED_BLACK2"			material="32"  	price="1000"/>
		<designMaterial3Configuration name="BLACK OLD"			color="SHARED_BLACK2"			material="6" 	price="0"/>
		<designMaterial3Configuration name="BLACK MATTE"			color="SHARED_BLACK2"			material="1" 	price="1500"/>
		<designMaterial3Configuration name="BLACK SATIN"			color="SHARED_BLACK2"			material="27" 	price="2000"/>	
        <designMaterial3Configuration name="FLIEGL" 				color="FLIEGL_GREEN2" 			material="32"  	price="1000"/> 		
        <designMaterial3Configuration name="FLIEGL OLD" 			color="FLIEGL_GREEN2" 			material="6"   	price="0"/> 		
        <designMaterial3Configuration name="FLIEGL MATTE" 		color="FLIEGL_GREEN2" 			material="1"   	price="1500"/> 	
        <designMaterial3Configuration name="FLIEGL SATIN" 		color="FLIEGL_GREEN2" 			material="27"  	price="2000"/> 	
        <designMaterial3Configuration name="GREEN" 				color="KRONE_GREEN1" 			material="32"  	price="1000"/>		
        <designMaterial3Configuration name="GREEN OLD" 			color="KRONE_GREEN1" 			material="6"  	price="0"/>
		<designMaterial3Configuration name="GREEN MATTE"			color="KRONE_GREEN1"			material="1"  	price="1500"/>
		<designMaterial3Configuration name="GREEN SATIN"			color="KRONE_GREEN1"			material="27" 	price="2000"/>
	    <designMaterial3Configuration  name="Green Blue" 			color="0.0020 0.0697 0.1275 1" 	material="32"  	price="1000"/>  			
	    <designMaterial3Configuration  name="Green Blue OLD" 		color="0.0020 0.0697 0.1275 1" 	material="6"  	price="0"/>  			
	    <designMaterial3Configuration  name="Green Blue MATTE" 	color="0.0020 0.0697 0.1275 1"  material="1"  	price="1500"/>  		
	    <designMaterial3Configuration  name="Green Blue SATIN" 	color="0.0020 0.0697 0.1275 1"  material="27" 	price="2000"/>  	
		<designMaterial3Configuration name="BLUE" 				color="NEWHOLLAND_BLUE1" 		material="32"  	price="1000"/>			
		<designMaterial3Configuration name="BLUE OLD" 			color="NEWHOLLAND_BLUE1"		material="6"  	price="0"/>
		<designMaterial3Configuration name="BLUE MATTE"			color="NEWHOLLAND_BLUE1"		material="1"  	price="1500"/>
		<designMaterial3Configuration name="BLUE SATIN"			color="NEWHOLLAND_BLUE1"		material="27" 	price="2000"/>
        <designMaterial3Configuration name="STRAUTMANN RED" 	   	color="STRAUTMANN_RED1" 		material="32"  	price="1000" />
        <designMaterial3Configuration name="STRAUTMANN RED OLD"   color="STRAUTMANN_RED1" 		material="6"  	price="0" />
        <designMaterial3Configuration name="STRAUTMANN RED MATTE" color="STRAUTMANN_RED1"		material="1"  	price="1500" />
        <designMaterial3Configuration name="STRAUTMANN RED SATIN" color="STRAUTMANN_RED1" 		material="27" 	price="2000" />		
		<designMaterial3Configuration name="Red"					color="CASEIH_RED1" 			material="32"  	price="1000"/>		
		<designMaterial3Configuration name="Red OLD"				color="CASEIH_RED1" 			material="6"  	price="0"/>
		<designMaterial3Configuration name="RED MATTE"			color="CASEIH_RED1"				material="1"  	price="1500"/>		
		<designMaterial3Configuration name="RED SATIN"			color="CASEIH_RED1"				material="27" 	price="2000"/>				
		<designMaterial3Configuration name="YELLOW" 				color="JOHNDEERE_YELLOW1" 		material="32"  	price="1000"/>			
		<designMaterial3Configuration name="YELLOW OLD" 			color="JOHNDEERE_YELLOW1" 		material="6"  	price="0"/>			
		<designMaterial3Configuration name="YELLOW MATTE"		color="JOHNDEERE_YELLOW1"		material="1"  	price="1500"/>		
		<designMaterial3Configuration name="YELLOW SATIN"		color="JOHNDEERE_YELLOW1"		material="27" 	price="2000"/>			
		<designMaterial3Configuration name="ORANGE" 				color="STARA_ORANGE" 			material="32"  	price="1000"/>		
		<designMaterial3Configuration name="ORANGE OLD" 			color="STARA_ORANGE" 			material="6"  	price="0"/>		
		<designMaterial3Configuration name="ORANGE MATTE"		color="STARA_ORANGE"			material="1"  	price="1500"/>	
		<designMaterial3Configuration name="ORANGE SATIN"		color="STARA_ORANGE"			material="27" 	price="2000"/>		
        <designMaterial3Configuration name="Gun Metal" 	  		color="SHARED_GREY5" 			material="32"  	price="1000"/>			
        <designMaterial3Configuration name="Gun Metal OLD"   	color="SHARED_GREY5" 			material="6"  	price="0"/>	
        <designMaterial3Configuration name="Gun Metal MATTE" 	color="SHARED_GREY5" 			material="1"  	price="1500"/>		
        <designMaterial3Configuration name="Gun Metal SATIN" 	color="SHARED_GREY5" 			material="27" 	price="2000"/>			
		<designMaterial3Configuration name="Deep Blue" 			color="HATZENBICHLER_DARKBLUE1" material="32"  	price="1000"/>			
		<designMaterial3Configuration name="Deep Blue OLD" 		color="HATZENBICHLER_DARKBLUE1" material="6"  	price="0"/>		
		<designMaterial3Configuration name="Deep Blue MATTE" 	color="HATZENBICHLER_DARKBLUE1" material="1"  	price="1500"/>	
		<designMaterial3Configuration name="Deep Blue STATIN" 	color="HATZENBICHLER_DARKBLUE1" material="27" 	price="2000"/>		
        <designMaterial3Configuration name="HAWE GREY" 			color="0.0962 0.0962 0.0962 1"  material="32"  	price="1000"/>	
        <designMaterial3Configuration name="HAWE GREY OLD" 		color="0.0962 0.0962 0.0962 1"  material="6"  	price="0"/>			
        <designMaterial3Configuration name="HAWE GREY MATTE" 	color="0.0962 0.0962 0.0962 1"  material="1"  	price="1500"/>	
        <designMaterial3Configuration name="HAWE GREY SATIN"  	color="0.0962 0.0962 0.0962 1"  material="27" 	price="2000"/>	
        <designMaterial3Configuration name="KRONE YELLOW"  		color="KRONE_YELLOW1" 			material="32"  	price="1000"/>			
        <designMaterial3Configuration name="KRONE YELLOW OLD" 	color="KRONE_YELLOW1" 			material="6"  	price="0"/>	
		<designMaterial3Configuration name="KRONE YELLOW MATTE"	color="KRONE_YELLOW1"			material="1"  	price="1500"/>
		<designMaterial3Configuration name="KRONE YELLOW SATIN"	color="KRONE_YELLOW1"			material="27" 	price="2000"/>	
		<designMaterial3Configuration name="OLIVE" 				color="URSUS_OLIVE1" 			material="32"  	price="1000"/>
		<designMaterial3Configuration name="OLIVE OLD"		    color="URSUS_OLIVE1" 			material="6"    price="0"/>
		<designMaterial3Configuration name="OLIVE MATTE" 		color="URSUS_OLIVE1" 			material="1" 	price="1500"/>
		<designMaterial3Configuration name="OLIVE SATIN" 		color="URSUS_OLIVE1" 			material="27" 	price="2000"/>
        <designMaterial3Configuration name="STAINLESS STEEL" 	color="1 1 1 8"					material="8"  	price="1000"/>
        <designMaterial3Configuration name="ZINC"				color="1 1 1 4"					material="4"  	price="1000"/>
		<designMaterial3Configuration name="CHROME" 	    		color="1 1 1 2" 				material="2"  	price="1000"/>
		<designMaterial3Configuration name="Silver" 				color="SHARED_GREY2" 			material="32"  	price="1000"/>		
        <material name="profiLinerCurtains_mat" shaderParameter="colorMat1"/>
        <material name="profiLinerCurtains_mat" shaderParameter="colorMat0"/>
    </designMaterial3Configurations>		
	
	<designMaterialConfigurations useDefaultColors="true">
		<designMaterialConfiguration name="WHITE" 				color="SHARED_WHITE2" 			material="32"  	price="1000"/>
		<designMaterialConfiguration name="WHITE OLD" 			color="SHARED_WHITE2" 			material="6"  	price="0"/>
		<designMaterialConfiguration name="WHITE MATTE"			color="SHARED_WHITE2"			material="1"  	price="1500"/>
		<designMaterialConfiguration name="WHITE SATIN"			color="SHARED_WHITE2"			material="27" 	price="2000"/>	
		<designMaterialConfiguration name="BLACK"				color="SHARED_BLACK2"			material="32"  	price="1000"/>
		<designMaterialConfiguration name="BLACK OLD"			color="SHARED_BLACK2"			material="6" 	price="0"/>
		<designMaterialConfiguration name="BLACK MATTE"			color="SHARED_BLACK2"			material="1" 	price="1500"/>
		<designMaterialConfiguration name="BLACK SATIN"			color="SHARED_BLACK2"			material="27" 	price="2000"/>	
        <designMaterialConfiguration name="FLIEGL" 				color="FLIEGL_GREEN2" 			material="32"  	price="1000"/> 		
        <designMaterialConfiguration name="FLIEGL OLD" 			color="FLIEGL_GREEN2" 			material="6"   	price="0"/> 		
        <designMaterialConfiguration name="FLIEGL MATTE" 		color="FLIEGL_GREEN2" 			material="1"   	price="1500"/> 	
        <designMaterialConfiguration name="FLIEGL SATIN" 		color="FLIEGL_GREEN2" 			material="27"  	price="2000"/> 	
        <designMaterialConfiguration name="GREEN" 				color="KRONE_GREEN1" 			material="32"  	price="1000"/>		
        <designMaterialConfiguration name="GREEN OLD" 			color="KRONE_GREEN1" 			material="6"  	price="0"/>
		<designMaterialConfiguration name="GREEN MATTE"			color="KRONE_GREEN1"			material="1"  	price="1500"/>
		<designMaterialConfiguration name="GREEN SATIN"			color="KRONE_GREEN1"			material="27" 	price="2000"/>
	    <designMaterialConfiguration  name="Green Blue" 			color="0.0020 0.0697 0.1275 1" 	material="32"  	price="1000"/>  			
	    <designMaterialConfiguration  name="Green Blue OLD" 		color="0.0020 0.0697 0.1275 1" 	material="6"  	price="0"/>  			
	    <designMaterialConfiguration  name="Green Blue MATTE" 	color="0.0020 0.0697 0.1275 1"  material="1"  	price="1500"/>  		
	    <designMaterialConfiguration  name="Green Blue SATIN" 	color="0.0020 0.0697 0.1275 1"  material="27" 	price="2000"/>  	
		<designMaterialConfiguration name="BLUE" 				color="NEWHOLLAND_BLUE1" 		material="32"  	price="1000"/>			
		<designMaterialConfiguration name="BLUE OLD" 			color="NEWHOLLAND_BLUE1"		material="6"  	price="0"/>
		<designMaterialConfiguration name="BLUE MATTE"			color="NEWHOLLAND_BLUE1"		material="1"  	price="1500"/>
		<designMaterialConfiguration name="BLUE SATIN"			color="NEWHOLLAND_BLUE1"		material="27" 	price="2000"/>
        <designMaterialConfiguration name="STRAUTMANN RED" 	   	color="STRAUTMANN_RED1" 		material="32"  	price="1000" />
        <designMaterialConfiguration name="STRAUTMANN RED OLD"   color="STRAUTMANN_RED1" 		material="6"  	price="0" />
        <designMaterialConfiguration name="STRAUTMANN RED MATTE" color="STRAUTMANN_RED1"		material="1"  	price="1500" />
        <designMaterialConfiguration name="STRAUTMANN RED SATIN" color="STRAUTMANN_RED1" 		material="27" 	price="2000" />		
		<designMaterialConfiguration name="Red"					color="CASEIH_RED1" 			material="32"  	price="0"/>		
		<designMaterialConfiguration name="Red OLD"				color="CASEIH_RED1" 			material="6"  	price="0"/>
		<designMaterialConfiguration name="RED MATTE"			color="CASEIH_RED1"				material="1"  	price="1500"/>		
		<designMaterialConfiguration name="RED SATIN"			color="CASEIH_RED1"				material="27" 	price="2000"/>				
		<designMaterialConfiguration name="YELLOW" 				color="JOHNDEERE_YELLOW1" 		material="32"  	price="1000"/>			
		<designMaterialConfiguration name="YELLOW OLD" 			color="JOHNDEERE_YELLOW1" 		material="6"  	price="0"/>			
		<designMaterialConfiguration name="YELLOW MATTE"		color="JOHNDEERE_YELLOW1"		material="1"  	price="1500"/>		
		<designMaterialConfiguration name="YELLOW SATIN"		color="JOHNDEERE_YELLOW1"		material="27" 	price="2000"/>			
		<designMaterialConfiguration name="ORANGE" 				color="STARA_ORANGE" 			material="32"  	price="1000"/>		
		<designMaterialConfiguration name="ORANGE OLD" 			color="STARA_ORANGE" 			material="6"  	price="0"/>		
		<designMaterialConfiguration name="ORANGE MATTE"		color="STARA_ORANGE"			material="1"  	price="1500"/>	
		<designMaterialConfiguration name="ORANGE SATIN"		color="STARA_ORANGE"			material="27" 	price="2000"/>		
        <designMaterialConfiguration name="Gun Metal" 	  		color="SHARED_GREY5" 			material="32"  	price="1000"/>			
        <designMaterialConfiguration name="Gun Metal OLD"   	color="SHARED_GREY5" 			material="6"  	price="0"/>	
        <designMaterialConfiguration name="Gun Metal MATTE" 	color="SHARED_GREY5" 			material="1"  	price="1500"/>		
        <designMaterialConfiguration name="Gun Metal SATIN" 	color="SHARED_GREY5" 			material="27" 	price="2000"/>			
		<designMaterialConfiguration name="Deep Blue" 			color="HATZENBICHLER_DARKBLUE1" material="32"  	price="1000"/>			
		<designMaterialConfiguration name="Deep Blue OLD" 		color="HATZENBICHLER_DARKBLUE1" material="6"  	price="0"/>		
		<designMaterialConfiguration name="Deep Blue MATTE" 	color="HATZENBICHLER_DARKBLUE1" material="1"  	price="1500"/>	
		<designMaterialConfiguration name="Deep Blue STATIN" 	color="HATZENBICHLER_DARKBLUE1" material="27" 	price="2000"/>		
        <designMaterialConfiguration name="HAWE GREY" 			color="0.0962 0.0962 0.0962 1"  material="32"  	price="1000"/>	
        <designMaterialConfiguration name="HAWE GREY OLD" 		color="0.0962 0.0962 0.0962 1"  material="6"  	price="0"/>			
        <designMaterialConfiguration name="HAWE GREY MATTE" 	color="0.0962 0.0962 0.0962 1"  material="1"  	price="1500"/>	
        <designMaterialConfiguration name="HAWE GREY SATIN"  	color="0.0962 0.0962 0.0962 1"  material="27" 	price="2000"/>	
        <designMaterialConfiguration name="KRONE YELLOW"  		color="KRONE_YELLOW1" 			material="32"  	price="1000"/>			
        <designMaterialConfiguration name="KRONE YELLOW OLD" 	color="KRONE_YELLOW1" 			material="6"  	price="0"/>	
		<designMaterialConfiguration name="KRONE YELLOW MATTE"	color="KRONE_YELLOW1"			material="1"  	price="1500"/>
		<designMaterialConfiguration name="KRONE YELLOW SATIN"	color="KRONE_YELLOW1"			material="27" 	price="2000"/>	
		<designMaterialConfiguration name="OLIVE" 				color="URSUS_OLIVE1" 			material="32"  	price="1000"/>
		<designMaterialConfiguration name="OLIVE OLD"		    color="URSUS_OLIVE1" 			material="6"    price="0"/>
		<designMaterialConfiguration name="OLIVE MATTE" 		color="URSUS_OLIVE1" 			material="1" 	price="1500"/>
		<designMaterialConfiguration name="OLIVE SATIN" 		color="URSUS_OLIVE1" 			material="27" 	price="2000"/>
        <designMaterialConfiguration name="STAINLESS STEEL" 	color="1 1 1 8"					material="8"  	price="1000"/>
        <designMaterialConfiguration name="ZINC"				color="1 1 1 4"					material="4"  	price="1000"/>
		<designMaterialConfiguration name="CHROME" 	    		color="1 1 1 2" 				material="2"  	price="1000"/>
		<designMaterialConfiguration name="Silver" 				color="SHARED_GREY2" 			material="32"  	price="1000"/>
        <material name="wb_mat" shaderParameter="colorMat0" />
        <material name="wbfuss_mat" shaderParameter="colorMat0" />		
        <material name="wb_rahmen_mat" shaderParameter="colorMat0" />			
        <material name="profiLinerAlpha_mat" shaderParameter="colorMat0"/>
        <material name="profiLiner_mat" shaderParameter="colorMat0"/>
    </designMaterialConfigurations>	
	
    <i3dMappings>
        <i3dMapping id="mainVehicle" node="0>" />
		
        <i3dMapping id="barLeft01" node="0>1|0|3|1|3" />
        <i3dMapping id="barLeft02" node="0>1|0|3|1|4" />
        <i3dMapping id="barLeft03" node="0>1|0|3|1|5" />
        <i3dMapping id="barRight01" node="0>1|0|3|1|6" />
        <i3dMapping id="barRight02" node="0>1|0|3|1|7" />
        <i3dMapping id="barRight03" node="0>1|0|3|1|8" />
		
        <i3dMapping id="planksLeftFolded" node="0>1|0|3|1|9" />
        <i3dMapping id="planksRightFolded" node="0>1|0|3|1|10" />
		
        <i3dMapping id="colPartLeft01" node="0>1|0|3|1|11|0" />
        <i3dMapping id="colPartLeft02" node="0>1|0|3|1|11|1" />
        <i3dMapping id="colPartLeft03" node="0>1|0|3|1|11|2" />
        <i3dMapping id="colPartLeft04" node="0>1|0|3|1|11|3" />
        <i3dMapping id="colPartLeft05" node="0>1|0|3|1|11|4" />
        <i3dMapping id="colPartLeft06" node="0>1|0|3|1|11|5" />
        <i3dMapping id="colPartRight01" node="0>1|0|3|1|11|6" />
        <i3dMapping id="colPartRight02" node="0>1|0|3|1|11|7" />
        <i3dMapping id="colPartRight03" node="0>1|0|3|1|11|8" />
        <i3dMapping id="colPartRight04" node="0>1|0|3|1|11|9" />
        <i3dMapping id="colPartRight05" node="0>1|0|3|1|11|10" />
        <i3dMapping id="colPartRight06" node="0>1|0|3|1|11|11" />
		
        <i3dMapping id="coverLeft_closed" node="0>1|0|3|1|2|0" />
        <i3dMapping id="coverRight_closed" node="0>1|0|3|1|2|1" />
        <i3dMapping id="coverLeft_openFront" node="0>1|0|3|1|2|2" />
        <i3dMapping id="coverLeft_openBack" node="0>1|0|3|1|2|3" />
        <i3dMapping id="coverRight_openFront" node="0>1|0|3|1|2|4" />
        <i3dMapping id="coverRight_openBack" node="0>1|0|3|1|2|5" />		
    </i3dMappings>
</vehicle>
