﻿<?xml version="1.0" encoding="utf-8" standalone="no" ?>
<vehicle type="AutoLoaderTrailer" xmlns:xsi="http://www.w3.org/2001/XMLSchema-instance" xsi:noNamespaceSchemaLocation="../../../../shared/xml/schema/vehicle.xsd">
    <annotation>Copyright (C) GIANTS Software GmbH, All Rights Reserved.</annotation>
    <storeData>
        <name>  
			<en>Profi Liner AutoLoader</en>
        </name>
        <specs>
            <combination filterCategory="trucks"/>
            <combination xmlFilename="$data/vehicles/krampe/dolly10L/dolly10L.xml"/>
        </specs>
        <functions>
            <function>$l10n_function_palletTransportTrailer</function>
        </functions>
        <image>store_profiLiner.dds</image>
        <price>110000</price>
        <lifetime>600</lifetime>
        <rotation>0</rotation>
        <brand>KRONETRAILER</brand>
        <category>misc</category>
        <shopTranslationOffset>0 0.124 0</shopTranslationOffset>
        <shopRotationOffset>-1.601 0 0</shopRotationOffset>
        <vertexBufferMemoryUsage>4557312</vertexBufferMemoryUsage>
        <indexBufferMemoryUsage>1050368</indexBufferMemoryUsage>
        <textureMemoryUsage>3735552</textureMemoryUsage>
        <instanceVertexBufferMemoryUsage>0</instanceVertexBufferMemoryUsage>
        <instanceIndexBufferMemoryUsage>0</instanceIndexBufferMemoryUsage>
        <audioMemoryUsage>0</audioMemoryUsage>
    </storeData>
    <base>
        <typeDesc>$l10n_typeDesc_trailer</typeDesc>
        <filename>profiLiner.i3d</filename>
        <size width="3.5" length="14.2" height="4.15" lengthOffset="0.05"/>
        <components>
            <component centerOfMass="0 0.4 -1" solverIterationCount="10" mass="7000"/>
        </components>
        <schemaOverlay attacherJointPosition="0 0" name="IMPLEMENT"/>
    </base>
    <configurationSets title="$l10n_configuration_design">
        <configurationSet name="Krone" isDefault="true">
            <configuration name="design" index="1"/>
            <configuration name="baseMaterial" index="1"/>
        </configurationSet>
        <configurationSet name="GIANTS">
            <configuration name="design" index="2"/>
            <configuration name="baseMaterial" index="1"/>
        </configurationSet>
        <configurationSet name="$l10n_configuration_valueDefault">
            <configuration name="design" index="3"/>
        </configurationSet>
    </configurationSets>
    <wheels>
        <wheelConfigurations>
            <wheelConfiguration name="$l10n_configuration_valueDefault" price="0" brand="CONTINENTAL" saveId="CONTINENTAL_DEFAULT">
                <wheels>
                    <wheel filename="$data/shared/wheels/tires/continental/contiCrossTracHS3/385_65R22_5.xml" isLeft="true" hasTireTracks="true" configId="truckTrailerKrone">
                        <physics tipOcclusionAreaGroupId="1" restLoad="1.1" repr="wheelFrontLeft" forcePointRatio="0.5" initialCompression="25" suspTravel="0.075" spring="50" damper="35" yOffset="-0.059"/>
                    </wheel>
                    <wheel filename="$data/shared/wheels/tires/continental/contiCrossTracHS3/385_65R22_5.xml" isLeft="false" hasTireTracks="true" configId="truckTrailerKrone">
                        <physics tipOcclusionAreaGroupId="1" restLoad="1.1" repr="wheelFrontRight" forcePointRatio="0.5" initialCompression="25" suspTravel="0.075" spring="50" damper="35" yOffset="-0.059"/>
                    </wheel>
                    <wheel filename="$data/shared/wheels/tires/continental/contiCrossTracHS3/385_65R22_5.xml" isLeft="true" hasTireTracks="true" hasParticles="true" configId="truckTrailerKrone">
                        <physics tipOcclusionAreaGroupId="1" restLoad="1.1" repr="wheelMiddleLeft" forcePointRatio="0.5" initialCompression="25" suspTravel="0.075" spring="50" damper="35" yOffset="-0.027"/>
                    </wheel>
                    <wheel filename="$data/shared/wheels/tires/continental/contiCrossTracHS3/385_65R22_5.xml" isLeft="false" hasTireTracks="true" hasParticles="true" configId="truckTrailerKrone">
                        <physics tipOcclusionAreaGroupId="1" restLoad="1.1" repr="wheelMiddleRight" forcePointRatio="0.5" initialCompression="25" suspTravel="0.075" spring="50" damper="35" yOffset="-0.027"/>
                    </wheel>
                    <wheel filename="$data/shared/wheels/tires/continental/contiCrossTracHS3/385_65R22_5.xml" isLeft="true" hasTireTracks="true" hasParticles="true" configId="truckTrailerKrone">
                        <physics tipOcclusionAreaGroupId="1" restLoad="1.1" repr="wheelBackLeft" forcePointRatio="0.5" initialCompression="25" suspTravel="0.075" spring="50" damper="35" yOffset="0.006"/>
                        <wheelChock parkingNode="wheelChock01_01"/>
                        <wheelChock parkingNode="wheelChock01_02" isInverted="true"/>
                    </wheel>
                    <wheel filename="$data/shared/wheels/tires/continental/contiCrossTracHS3/385_65R22_5.xml" isLeft="false" hasTireTracks="true" hasParticles="true" configId="truckTrailerKrone">
                        <physics tipOcclusionAreaGroupId="1" restLoad="1.1" repr="wheelBackRight" forcePointRatio="0.5" initialCompression="25" suspTravel="0.075" spring="50" damper="35" yOffset="0.006"/>
                    </wheel>
                </wheels>
            </wheelConfiguration>
        </wheelConfigurations>
        <dynamicallyLoadedWheels>
            <dynamicallyLoadedWheel linkNode="extraWheel" filename="$data/shared/wheels/tires/continental/contiCrossTracHS3/385_65R22_5.xml" configId="truckTrailerKrone"/>
        </dynamicallyLoadedWheels>
    </wheels>
    <attachable>
        <inputAttacherJoints>
            <inputAttacherJoint node="attacherJoint" jointType="semitrailer" attacherHeight="1.33"/>
        </inputAttacherJoints>
        <support animationName="moveSupport"/>
        <brakeForce force="0.8"/>
    </attachable>
    <lights>
        <sharedLight linkNode="yellowRound_02_01" filename="$data/shared/assets/reflectors/lizard/yellowRound_02.xml"/>
        <sharedLight linkNode="yellowRound_02_02" filename="$data/shared/assets/reflectors/lizard/yellowRound_02.xml"/>
        <sharedLight linkNode="sideMarker08Orange_01" filename="$data/shared/assets/lights/lizard/sideMarker08Orange.xml"/>
        <sharedLight linkNode="sideMarker08Orange_02" filename="$data/shared/assets/lights/lizard/sideMarker08Orange.xml"/>
        <sharedLight linkNode="sideMarker08Orange_03" filename="$data/shared/assets/lights/lizard/sideMarker08Orange.xml"/>
        <sharedLight linkNode="sideMarker08Orange_04" filename="$data/shared/assets/lights/lizard/sideMarker08Orange.xml"/>
        <sharedLight linkNode="sideMarker08Orange_05" filename="$data/shared/assets/lights/lizard/sideMarker08Orange.xml"/>
        <sharedLight linkNode="sideMarker08Orange_06" filename="$data/shared/assets/lights/lizard/sideMarker08Orange.xml"/>
        <sharedLight linkNode="sideMarker08Orange_07" filename="$data/shared/assets/lights/lizard/sideMarker08Orange.xml"/>
        <sharedLight linkNode="sideMarker08Orange_08" filename="$data/shared/assets/lights/lizard/sideMarker08Orange.xml"/>
        <sharedLight linkNode="sideMarker08White_01" filename="$data/shared/assets/lights/lizard/sideMarker08White.xml"/>
        <sharedLight linkNode="sideMarker08White_02" filename="$data/shared/assets/lights/lizard/sideMarker08White.xml"/>
        <sharedLight linkNode="hellaWorkingLightSquare_02_01" filename="$data/shared/assets/lights/hella/hellaWorkingLightSquare_01_reverse.xml">
            <rotationNode name="rotationNode1" rotation="-70 0 0"/>
        </sharedLight>
        <sharedLight linkNode="hellaWorkingLightSquare_02_02" filename="$data/shared/assets/lights/hella/hellaWorkingLightSquare_01_reverse.xml">
            <rotationNode name="rotationNode1" rotation="-70 0 0"/>
        </sharedLight>
        <realLights>
            <high>
                <light node="backLightsHigh1" lightTypes="0"/>
                <light node="licensePlateLightHigh" lightTypes="0"/>
                <brakeLight node="backLightsHigh1"/>
                <turnLightLeft node="turnLightLeftBack"/>
                <turnLightRight node="turnLightRightBack"/>
                <reverseLight node="reverseLightHigh1"/>
            </high>
        </realLights>
        <defaultLights>
            <defaultLight shaderNode="defaultLight_static" lightTypes="0"/>
            <defaultLight shaderNode="numberPlateLightsGlass_static" lightTypes="0"/>
        </defaultLights>
        <brakeLights>
            <brakeLight shaderNode="defaultLight_static"/>
        </brakeLights>
        <turnLights>
            <turnLightLeft shaderNode="turnLightLeft_static"/>
            <turnLightRight shaderNode="turnLightRight_static"/>
        </turnLights>
        <reverseLights>
            <reverseLight shaderNode="reverseLight_static"/>
        </reverseLights>
    </lights>
    <licensePlates>
        <licensePlate node="licensePlateBack" position="BACK" preferedType="ELONGATED" placementArea="0.055 0.255 0.055 0.255" frame="false"/>
    </licensePlates>
    <connectionHoses>
        <hose inputAttacherJointIndices="1" type="airDoubleRed" node="airRed" length="1.3" diameter="0.015" minCenterPointOffset="0 0 0.4" maxCenterPointOffset="0 0 2" straighteningFactor="2" isTwoPointHose="false" outgoingAdapter="DEFAULT" socket="air_red"/>
        <hose inputAttacherJointIndices="1" type="airDoubleYellow" node="airYellow" length="1.3" diameter="0.015" minCenterPointOffset="0 0 0.4" maxCenterPointOffset="0 0 2" straighteningFactor="2" isTwoPointHose="false" outgoingAdapter="DEFAULT" socket="air_yellow"/>
        <hose inputAttacherJointIndices="1" type="electric" node="electric" length="1.0" diameter="0.008" minCenterPointOffset="0 0 0.4" maxCenterPointOffset="0 0 2" straighteningFactor="2" isTwoPointHose="false" outgoingAdapter="DEFAULT">
            <objectChange node="electricCover" rotationActive="-70 0 0" rotationInactive="0 0 0"/>
        </hose>
    </connectionHoses>
    <foldable>
        <foldingConfigurations>
            <foldingConfiguration>
                <foldingParts startMoveDirection="1" posDirectionText="$l10n_action_closeBackDoor" negDirectionText="$l10n_action_openBackDoor">
                    <foldingPart animationName="folding" speedScale="1"/>
                </foldingParts>
            </foldingConfiguration>
        </foldingConfigurations>
    </foldable>
    <animations>
        <animation name="folding">
            <part node="doorLeftLock01" startTime="1.8" endTime="2.0" startRot="0 45 0" endRot="0 0 0" tangentType="spline"/>
            <part node="doorLeftLock02" startTime="1.8" endTime="2.0" startRot="0 45 0" endRot="0 0 0" tangentType="spline"/>
            <part node="doorLeft" startTime="0" endTime="2" startRot="0 -190 0" endRot="0 0 0" tangentType="spline"/>
            <part node="doorRight" startTime="1" endTime="3" startRot="0 190 0" endRot="0 0 0" tangentType="spline"/>
            <part node="doorRightLock01" startTime="2.8" endTime="3.0" startRot="0 -45 0" endRot="0 0 0" tangentType="spline"/>
            <part node="doorRightLock02" startTime="2.8" endTime="3.0" startRot="0 -45 0" endRot="0 0 0" tangentType="spline"/>
            <sound template="metalDoorsLoop" startTime="0.01" endTime="2" volumeScale="3.5" pitchScale="0.9" fadeIn="0.1" fadeOut="0.1"/>
            <sound template="metalDoorsLoop" startTime="1" endTime="2.99" volumeScale="4.4" pitchScale="0.7" fadeIn="0.1" fadeOut="0.1"/>
            <sound template="hingeMedium" startTime="1" volumeScale="2.8" pitchScale="0.7"/>
            <sound template="metalDoorsClose" startTime="2" direction="1" volumeScale="3" pitchScale="0.9"/>
            <sound template="metalClose" startTime="2" direction="1" volumeScale="3" pitchScale="0.9"/>
            <sound template="clackVar1" startTime="2" direction="1" volumeScale="1" pitchScale="1.1"/>
            <sound template="cylinderPunch" startTime="2" direction="1" volumeScale="0.4" pitchScale="1.5"/>
            <sound template="metalDoorsClose" startTime="2.99" direction="1" volumeScale="3" pitchScale="0.7"/>
            <sound template="metalClose" startTime="2.99" direction="1" volumeScale="2" pitchScale="1.7"/>
            <sound template="clackVar1" startTime="2.99" direction="1" volumeScale="1.7" pitchScale="1.3"/>
            <sound template="cylinderPunch" startTime="2.99" direction="1" volumeScale="0.4" pitchScale="1"/>
            <sound template="clackVar6" startTime="1" direction="-1" volumeScale="2.3" pitchScale="1"/>
            <sound template="cylinderPunch" startTime="1" direction="-1" volumeScale="0.5" pitchScale="1.6"/>
            <sound template="sheetImp02" startTime="1" direction="-1" volumeScale="1.3" pitchScale="1.4"/>
            <sound template="clackVar6" startTime="0.01" direction="-1" volumeScale="2.3" pitchScale="0.8"/>
            <sound template="cylinderPunch" startTime="0.01" direction="-1" volumeScale="0.5" pitchScale="1.3"/>
            <sound template="sheetImp02" startTime="0.01" direction="-1" volumeScale="1.3" pitchScale="1.8"/>
            <sound template="clackVar3" startTime="2.99" direction="-1" volumeScale="1.3" pitchScale="1.8"/>
            <sound template="clackVar3" startTime="2.01" direction="-1" volumeScale="1.3" pitchScale="1.4"/>
        </animation>
        <animation name="moveSupport">
            <part node="supportArm" startTime="0.5" endTime="1.0" startTrans="0 0 0" endTrans="0 -0.46 0"/>
            <part node="supportHandleArm" startTime="0" endTime="0.5" startRot="0 0 0" endRot="0 90 0" tangentType="spline"/>
            <part node="supportHandle" startTime="0.5" endTime="1.0" startRot="0 0 0" endRot="-720 0 0" tangentType="spline"/>
            <part node="supportHandleArm" startTime="1.0" endTime="1.5" startRot="0 90 0" endRot="0 0 0" tangentType="spline"/>
            <sound template="slideOpen" startTime="0.4" direction="1" volumeScale="4" pitchScale="1.5" linkNode="attacherJoint"/>
            <sound template="slideOpen" startTime="1" direction="-1" volumeScale="4" pitchScale="1.5" linkNode="attacherJoint"/>
            <sound template="clackVar6" startTime="0.99" direction="1" volumeScale="2" pitchScale="0.7" linkNode="attacherJoint"/>
            <sound template="clackVar6" startTime="0.5" direction="-1" volumeScale="2" pitchScale="0.7" linkNode="attacherJoint"/>
        </animation>
        <animation name="coverAnimationLeftFront">
            <part node="coverLeft_closed" startTime="0.0" endTime="0.1" startVisibility="true" endVisibility="false"/>
            <part node="coverLeft_openBack" startTime="0.0" endTime="0.1" startVisibility="false" endVisibility="true"/>
            <part node="planksLeftFolded" startTime="0.1" endTime="1.0" shaderParameter="hideByIndex" shaderStartValues="0 0 0 0" shaderEndValues="15.01 0 0 0"/>
            <part node="planksLeftUnfolded" startTime="0.1" endTime="1.0" shaderParameter="hideByIndex" shaderStartValues="15.01 0 0 0" shaderEndValues="0 0 0 0"/>
            <part node="barLeft01" startTime="4.0" endTime="4.333" startRot="0.0 0.0 0.0" endRot="0.0 0.0 0.65"/>
            <part node="barLeft01" startTime="4.333" endTime="6.0" startTrans="1.247 3.882 3.317" endTrans="1.247 3.882 -4.697"/>
            <part node="barLeft02" startTime="2.333" endTime="2.667" startRot="0.0 0.0 0.0" endRot="0.0 0.0 0.65"/>
            <part node="barLeft02" startTime="2.667" endTime="4.0" startTrans="1.247 3.882 -0.013" endTrans="1.247 3.882 -4.997"/>
            <part node="barLeft03" startTime="1.0" endTime="1.333" startRot="0.0 0.0 0.0" endRot="0.0 0.0 0.65"/>
            <part node="barLeft03" startTime="1.333" endTime="1.933" startTrans="1.247 3.882 -3.343" endTrans="1.247 3.882 -4.986" startRot="0.0 0.0 0.65" endRot="0.0 0.0 0.2"/>
            <part node="barLeft03" startTime="1.933" endTime="2.333" startTrans="1.247 3.882 -4.986" endTrans="1.247 3.882 -6.081"/>
            <part node="colPartLeft02" startTime="4.333" endTime="6.0" startTrans="1.25 2.5 -3.5" endTrans="1.25 2.5 -5.75"/>
            <part node="colPartLeft03" startTime="4.333" endTime="6.0" startTrans="1.25 2.5 -1.25" endTrans="1.25 2.5 -5.75"/>
            <part node="colPartLeft04" startTime="4.333" endTime="6.0" startTrans="1.25 2.5 1.0" endTrans="1.25 2.5 -5.75"/>
            <part node="colPartLeft05" startTime="1.0" endTime="4.333" startTrans="1.25 2.5 3.25" endTrans="1.25 2.5 0.0"/>
            <part node="colPartLeft05" startTime="4.333" endTime="6.0" startTrans="1.25 2.5 0.0" endTrans="1.25 2.5 -5.75"/>
            <part node="colPartLeft06" startTime="1.0" endTime="4.333" startTrans="1.25 2.5 5.5" endTrans="1.25 2.5 2.25"/>
            <part node="colPartLeft06" startTime="4.333" endTime="6.0" startTrans="1.25 2.5 2.25" endTrans="1.25 2.5 -5.75"/>
            <sound template="fabricCover1" startTime="0.01" direction="0" volumeScale="5" pitchScale="1"/>
            <sound template="slideOpen" startTime="1.2" direction="1" volumeScale="5" pitchScale="1"/>
            <sound template="slideOpen" startTime="2.6" direction="0" volumeScale="5" pitchScale="0.7"/>
            <sound template="slideOpen" startTime="4.3" direction="0" volumeScale="6" pitchScale="0.5"/>
            <sound template="slideOpen" startTime="5.99" direction="-1" volumeScale="6" pitchScale="0.6"/>
            <sound template="palletsFillWood" startTime="0.1" volumeScale="3.5" pitchScale="1"/>
            <sound template="palletsFillWood" startTime="0.2" volumeScale="3.5" pitchScale="1"/>
            <sound template="palletsFillWood" startTime="0.3" volumeScale="3.5" pitchScale="1"/>
            <sound template="palletsFillWood" startTime="0.4" volumeScale="3.5" pitchScale="1"/>
            <sound template="palletsFillWood" startTime="0.5" volumeScale="3.5" pitchScale="1"/>
            <sound template="palletsFillWood" startTime="0.6" volumeScale="3.5" pitchScale="1"/>
            <sound template="palletsFillWood" startTime="0.7" volumeScale="3.5" pitchScale="1"/>
            <sound template="palletsFillWood" startTime="0.8" volumeScale="3.5" pitchScale="1"/>
            <sound template="palletsFillWood" startTime="0.9" volumeScale="3.5" pitchScale="1"/>
            <sound template="palletsFillWood" startTime="0.99" volumeScale="3.5" pitchScale="1"/>
        </animation>
        <animation name="coverAnimationLeftBack">
            <part node="coverLeft_closed" startTime="0.0" endTime="0.1" startVisibility="true" endVisibility="false"/>
            <part node="coverLeft_openFront" startTime="0.0" endTime="0.1" startVisibility="false" endVisibility="true"/>
            <part node="planksLeftFolded" startTime="0.1" endTime="1.0" shaderParameter="hideByIndex" shaderStartValues="0 0 0 0" shaderEndValues="15.01 0 0 0"/>
            <part node="planksLeftUnfolded" startTime="0.1" endTime="1.0" shaderParameter="hideByIndex" shaderStartValues="15.01 0 0 0" shaderEndValues="0 0 0 0"/>
            <part node="barLeft01" startTime="1.0" endTime="1.222" startRot="0.0 0.0 0.0" endRot="0.0 0.0 0.65"/>
            <part node="barLeft01" startTime="1.222" endTime="1.667" startTrans="1.247 3.882 3.317" endTrans="1.247 3.882 4.408"/>
            <part node="barLeft01" startTime="1.667" endTime="1.889" startTrans="1.247 3.882 4.408" endTrans="1.247 3.882 4.954" startRot="0.0 0.0 0.65" endRot="0.0 0.0 0.0"/>
            <part node="barLeft01" startTime="1.889" endTime="2.333" startTrans="1.247 3.882 4.954" endTrans="1.247 3.882 6.044" startRot="0.0 0.0 0.0" endRot="0.0 0.0 0.65"/>
            <part node="barLeft02" startTime="2.333" endTime="2.667" startRot="0.0 0.0 0.0" endRot="0.0 0.0 0.65"/>
            <part node="barLeft02" startTime="2.667" endTime="4.0" startTrans="1.247 3.882 -0.013" endTrans="1.247 3.882 4.908"/>
            <part node="barLeft03" startTime="4.0" endTime="4.333" startRot="0.0 0.0 0.0" endRot="0.0 0.0 0.65"/>
            <part node="barLeft03" startTime="4.333" endTime="6.0" startTrans="1.247 3.882 -3.343" endTrans="1.247 3.882 4.617"/>
            <part node="colPartLeft01" startTime="1.0" endTime="4.333" startTrans="1.25 2.5 -5.75" endTrans="1.25 2.5 -2.25"/>
            <part node="colPartLeft01" startTime="4.333" endTime="6.0" startTrans="1.25 2.5 -2.25" endTrans="1.25 2.5 5.5"/>
            <part node="colPartLeft02" startTime="1.0" endTime="4.333" startTrans="1.25 2.5 -3.5" endTrans="1.25 2.5 0.0"/>
            <part node="colPartLeft02" startTime="4.333" endTime="6.0" startTrans="1.25 2.5 0.0" endTrans="1.25 2.5 5.5"/>
            <part node="colPartLeft03" startTime="4.333" endTime="6.0" startTrans="1.25 2.5 -1.25" endTrans="1.25 2.5 5.5"/>
            <part node="colPartLeft04" startTime="4.333" endTime="6.0" startTrans="1.25 2.5 1.0" endTrans="1.25 2.5 5.5"/>
            <part node="colPartLeft05" startTime="4.333" endTime="6.0" startTrans="1.25 2.5 3.25" endTrans="1.25 2.5 5.5"/>
            <sound template="fabricCover1" startTime="0.01" direction="0" volumeScale="5" pitchScale="1"/>
            <sound template="slideOpen" startTime="1.2" direction="1" volumeScale="5" pitchScale="1"/>
            <sound template="slideOpen" startTime="2.6" direction="0" volumeScale="5" pitchScale="0.7"/>
            <sound template="slideOpen" startTime="4.3" direction="0" volumeScale="6" pitchScale="0.5"/>
            <sound template="slideOpen" startTime="5.99" direction="-1" volumeScale="6" pitchScale="0.6"/>
            <sound template="palletsFillWood" startTime="0.1" volumeScale="3.5" pitchScale="1"/>
            <sound template="palletsFillWood" startTime="0.2" volumeScale="3.5" pitchScale="1"/>
            <sound template="palletsFillWood" startTime="0.3" volumeScale="3.5" pitchScale="1"/>
            <sound template="palletsFillWood" startTime="0.4" volumeScale="3.5" pitchScale="1"/>
            <sound template="palletsFillWood" startTime="0.5" volumeScale="3.5" pitchScale="1"/>
            <sound template="palletsFillWood" startTime="0.6" volumeScale="3.5" pitchScale="1"/>
            <sound template="palletsFillWood" startTime="0.7" volumeScale="3.5" pitchScale="1"/>
            <sound template="palletsFillWood" startTime="0.8" volumeScale="3.5" pitchScale="1"/>
            <sound template="palletsFillWood" startTime="0.9" volumeScale="3.5" pitchScale="1"/>
            <sound template="palletsFillWood" startTime="0.99" volumeScale="3.5" pitchScale="1"/>
        </animation>
        <animation name="coverAnimationRightFront">
            <part node="coverRight_closed" startTime="0.0" endTime="0.1" startVisibility="true" endVisibility="false"/>
            <part node="coverRight_openBack" startTime="0.0" endTime="0.1" startVisibility="false" endVisibility="true"/>
            <part node="planksRightFolded" startTime="0.1" endTime="1.0" shaderParameter="hideByIndex" shaderStartValues="0 0 0 0" shaderEndValues="15.01 0 0 0"/>
            <part node="planksRightUnfolded" startTime="0.1" endTime="1.0" shaderParameter="hideByIndex" shaderStartValues="15.01 0 0 0" shaderEndValues="0 0 0 0"/>
            <part node="barRight01" startTime="4.0" endTime="4.333" startRot="0.0 0.0 0.0" endRot="0.0 0.0 -0.65"/>
            <part node="barRight01" startTime="4.333" endTime="6.0" startTrans="-1.247 3.882 3.317" endTrans="-1.247 3.882 -4.697"/>
            <part node="barRight02" startTime="2.333" endTime="2.667" startRot="0.0 0.0 0.0" endRot="0.0 0.0 -0.65"/>
            <part node="barRight02" startTime="2.667" endTime="4.0" startTrans="-1.247 3.882 -0.013" endTrans="-1.247 3.882 -4.997"/>
            <part node="barRight03" startTime="1.0" endTime="1.333" startRot="0.0 0.0 0.0" endRot="0.0 0.0 -0.65"/>
            <part node="barRight03" startTime="1.333" endTime="1.933" startTrans="-1.247 3.882 -3.343" endTrans="-1.247 3.882 -5.016" startRot="0.0 0.0 -0.65" endRot="0.0 0.0 0.0"/>
            <part node="barRight03" startTime="1.933" endTime="2.333" startTrans="-1.247 3.882 -5.016" endTrans="-1.247 3.882 -6.131"/>
            <part node="colPartRight02" startTime="4.333" endTime="6.0" startTrans="-1.25 2.5 -3.5" endTrans="-1.25 2.5 -5.75"/>
            <part node="colPartRight03" startTime="4.333" endTime="6.0" startTrans="-1.25 2.5 -1.25" endTrans="-1.25 2.5 -5.75"/>
            <part node="colPartRight04" startTime="4.333" endTime="6.0" startTrans="-1.25 2.5 1.0" endTrans="-1.25 2.5 -5.75"/>
            <part node="colPartRight05" startTime="1.0" endTime="4.333" startTrans="-1.25 2.5 3.25" endTrans="-1.25 2.5 0.0"/>
            <part node="colPartRight05" startTime="4.333" endTime="6.0" startTrans="-1.25 2.5 0.0" endTrans="-1.25 2.5 -5.75"/>
            <part node="colPartRight06" startTime="1.0" endTime="4.333" startTrans="-1.25 2.5 5.5" endTrans="-1.25 2.5 2.25"/>
            <part node="colPartRight06" startTime="4.333" endTime="6.0" startTrans="-1.25 2.5 2.25" endTrans="-1.25 2.5 -5.75"/>
            <sound template="fabricCover1" startTime="0.01" direction="0" volumeScale="5" pitchScale="1"/>
            <sound template="slideOpen" startTime="1.2" direction="1" volumeScale="5" pitchScale="1"/>
            <sound template="slideOpen" startTime="2.6" direction="0" volumeScale="5" pitchScale="0.7"/>
            <sound template="slideOpen" startTime="4.3" direction="0" volumeScale="6" pitchScale="0.5"/>
            <sound template="slideOpen" startTime="5.99" direction="-1" volumeScale="6" pitchScale="0.6"/>
            <sound template="palletsFillWood" startTime="0.1" volumeScale="3.5" pitchScale="1"/>
            <sound template="palletsFillWood" startTime="0.2" volumeScale="3.5" pitchScale="1"/>
            <sound template="palletsFillWood" startTime="0.3" volumeScale="3.5" pitchScale="1"/>
            <sound template="palletsFillWood" startTime="0.4" volumeScale="3.5" pitchScale="1"/>
            <sound template="palletsFillWood" startTime="0.5" volumeScale="3.5" pitchScale="1"/>
            <sound template="palletsFillWood" startTime="0.6" volumeScale="3.5" pitchScale="1"/>
            <sound template="palletsFillWood" startTime="0.7" volumeScale="3.5" pitchScale="1"/>
            <sound template="palletsFillWood" startTime="0.8" volumeScale="3.5" pitchScale="1"/>
            <sound template="palletsFillWood" startTime="0.9" volumeScale="3.5" pitchScale="1"/>
            <sound template="palletsFillWood" startTime="0.99" volumeScale="3.5" pitchScale="1"/>
        </animation>
        <animation name="coverAnimationRightBack">
            <part node="coverRight_closed" startTime="0.0" endTime="0.1" startVisibility="true" endVisibility="false"/>
            <part node="coverRight_openFront" startTime="0.0" endTime="0.1" startVisibility="false" endVisibility="true"/>
            <part node="planksRightFolded" startTime="0.1" endTime="1.0" shaderParameter="hideByIndex" shaderStartValues="0 0 0 0" shaderEndValues="15.01 0 0 0"/>
            <part node="planksRightUnfolded" startTime="0.1" endTime="1.0" shaderParameter="hideByIndex" shaderStartValues="15.01 0 0 0" shaderEndValues="0 0 0 0"/>
            <part node="barRight01" startTime="1.0" endTime="1.222" startRot="0.0 0.0 0.0" endRot="0.0 0.0 -0.65"/>
            <part node="barRight01" startTime="1.222" endTime="1.667" startTrans="-1.247 3.882 3.317" endTrans="-1.247 3.882 4.408"/>
            <part node="barRight01" startTime="1.667" endTime="1.889" startTrans="-1.247 3.882 4.408" endTrans="-1.247 3.882 4.954" startRot="0.0 0.0 -0.65" endRot="0.0 0.0 0.0"/>
            <part node="barRight01" startTime="1.889" endTime="2.333" startTrans="-1.247 3.882 4.954" endTrans="-1.247 3.882 6.044" startRot="0.0 0.0 0.0" endRot="0.0 0.0 0.0"/>
            <part node="barRight02" startTime="2.333" endTime="2.667" startRot="0.0 0.0 0.0" endRot="0.0 0.0 -0.65"/>
            <part node="barRight02" startTime="2.667" endTime="4.0" startTrans="-1.247 3.882 -0.013" endTrans="-1.247 3.882 4.908"/>
            <part node="barRight03" startTime="4.0" endTime="4.333" startRot="0.0 0.0 0.0" endRot="0.0 0.0 -0.65"/>
            <part node="barRight03" startTime="4.333" endTime="6.0" startTrans="-1.247 3.882 -3.343" endTrans="-1.247 3.882 4.617"/>
            <part node="colPartRight01" startTime="1.0" endTime="4.333" startTrans="-1.25 2.5 -5.75" endTrans="-1.25 2.5 -2.25"/>
            <part node="colPartRight01" startTime="4.333" endTime="6.0" startTrans="-1.25 2.5 -2.25" endTrans="-1.25 2.5 5.5"/>
            <part node="colPartRight02" startTime="1.0" endTime="4.333" startTrans="-1.25 2.5 -3.5" endTrans="-1.25 2.5 0.0"/>
            <part node="colPartRight02" startTime="4.333" endTime="6.0" startTrans="-1.25 2.5 0.0" endTrans="-1.25 2.5 5.5"/>
            <part node="colPartRight03" startTime="4.333" endTime="6.0" startTrans="-1.25 2.5 -1.25" endTrans="-1.25 2.5 5.5"/>
            <part node="colPartRight04" startTime="4.333" endTime="6.0" startTrans="-1.25 2.5 1.0" endTrans="-1.25 2.5 5.5"/>
            <part node="colPartRight05" startTime="4.333" endTime="6.0" startTrans="-1.25 2.5 3.25" endTrans="-1.25 2.5 5.5"/>
            <sound template="fabricCover1" startTime="0.01" direction="0" volumeScale="5" pitchScale="1"/>
            <sound template="slideOpen" startTime="1.2" direction="1" volumeScale="5" pitchScale="1"/>
            <sound template="slideOpen" startTime="2.6" direction="0" volumeScale="5" pitchScale="0.7"/>
            <sound template="slideOpen" startTime="4.3" direction="0" volumeScale="6" pitchScale="0.5"/>
            <sound template="slideOpen" startTime="5.99" direction="-1" volumeScale="6" pitchScale="0.6"/>
            <sound template="palletsFillWood" startTime="0.1" volumeScale="3.5" pitchScale="1"/>
            <sound template="palletsFillWood" startTime="0.2" volumeScale="3.5" pitchScale="1"/>
            <sound template="palletsFillWood" startTime="0.3" volumeScale="3.5" pitchScale="1"/>
            <sound template="palletsFillWood" startTime="0.4" volumeScale="3.5" pitchScale="1"/>
            <sound template="palletsFillWood" startTime="0.5" volumeScale="3.5" pitchScale="1"/>
            <sound template="palletsFillWood" startTime="0.6" volumeScale="3.5" pitchScale="1"/>
            <sound template="palletsFillWood" startTime="0.7" volumeScale="3.5" pitchScale="1"/>
            <sound template="palletsFillWood" startTime="0.8" volumeScale="3.5" pitchScale="1"/>
            <sound template="palletsFillWood" startTime="0.9" volumeScale="3.5" pitchScale="1"/>
            <sound template="palletsFillWood" startTime="0.99" volumeScale="3.5" pitchScale="1"/>
        </animation>
    </animations>
    <trailer>
        <trailerConfigurations>
            <trailerConfiguration>
                <trailer infoText="$l10n_info_openCurtain">
                    <tipSide name="$l10n_info_curtainLeftFront" dischargeNodeIndex="1">
                        <manualTipToggle enabled="true" stopOnDeactivate="false" inputActionTextPos="$l10n_action_curtainSideOpen" inputActionTextNeg="$l10n_action_curtainSideClose"/>
                        <animation name="coverAnimationLeftFront" speedScale="1.0"/>
                    </tipSide>
                    <tipSide name="$l10n_info_curtainLeftBack" dischargeNodeIndex="2">
                        <manualTipToggle enabled="true" stopOnDeactivate="false" inputActionTextPos="$l10n_action_curtainSideOpen" inputActionTextNeg="$l10n_action_curtainSideClose"/>
                        <animation name="coverAnimationLeftBack" speedScale="1.0"/>
                    </tipSide>
                    <tipSide name="$l10n_info_curtainRightFront" dischargeNodeIndex="3">
                        <manualTipToggle enabled="true" stopOnDeactivate="false" inputActionTextPos="$l10n_action_curtainSideOpen" inputActionTextNeg="$l10n_action_curtainSideClose"/>
                        <animation name="coverAnimationRightFront" speedScale="1.0"/>
                    </tipSide>
                    <tipSide name="$l10n_info_curtainRightBack" dischargeNodeIndex="4">
                        <manualTipToggle enabled="true" stopOnDeactivate="false" inputActionTextPos="$l10n_action_curtainSideOpen" inputActionTextNeg="$l10n_action_curtainSideClose"/>
                        <animation name="coverAnimationRightBack" speedScale="1.0"/>
                    </tipSide>
                </trailer>
            </trailerConfiguration>
        </trailerConfigurations>
    </trailer>
    <tensionBelts>
        <tensionBeltsConfigurations>
            <tensionBeltsConfiguration>
                <tensionBelts linkNode="tensionBelts" jointNode="profiLiner_main_component1" maxEdgeLength="0.1" geometryBias="0.01" ratchetPosition="0.2" defaultOffset="0.1" defaultOffsetSide="0.1" defaultHeight="4" activationTrigger="beltActivationTrigger">
                    <tensionBelt startNode="startPoint01" endNode="startPoint01End" offsetLeft="0.2">
                        <intersectionNode node="startPoint01Intersection01"/>
                        <intersectionNode node="startPoint01Intersection02"/>
                    </tensionBelt>
                    <tensionBelt startNode="startPoint02" endNode="startPoint02End">
                        <intersectionNode node="startPoint02Intersection01"/>
                        <intersectionNode node="startPoint02Intersection02"/>
                    </tensionBelt>
                    <tensionBelt startNode="startPoint03" endNode="startPoint03End">
                        <intersectionNode node="startPoint03Intersection01"/>
                        <intersectionNode node="startPoint03Intersection02"/>
                    </tensionBelt>
                    <tensionBelt startNode="startPoint04" endNode="startPoint04End">
                        <intersectionNode node="startPoint04Intersection01"/>
                        <intersectionNode node="startPoint04Intersection02"/>
                    </tensionBelt>
                    <tensionBelt startNode="startPoint05" endNode="startPoint05End">
                        <intersectionNode node="startPoint05Intersection01"/>
                        <intersectionNode node="startPoint05Intersection02"/>
                    </tensionBelt>
                    <tensionBelt startNode="startPoint06" endNode="startPoint06End">
                        <intersectionNode node="startPoint06Intersection01"/>
                        <intersectionNode node="startPoint06Intersection02"/>
                    </tensionBelt>
                    <tensionBelt startNode="startPoint07" endNode="startPoint07End">
                        <intersectionNode node="startPoint07Intersection01"/>
                        <intersectionNode node="startPoint07Intersection02"/>
                    </tensionBelt>
                    <tensionBelt startNode="startPoint08" endNode="startPoint08End">
                        <intersectionNode node="startPoint08Intersection01"/>
                        <intersectionNode node="startPoint08Intersection02"/>
                    </tensionBelt>
                    <tensionBelt startNode="startPoint09" endNode="startPoint09End">
                        <intersectionNode node="startPoint09Intersection01"/>
                        <intersectionNode node="startPoint09Intersection02"/>
                    </tensionBelt>
                    <tensionBelt startNode="startPoint10" endNode="startPoint10End">
                        <intersectionNode node="startPoint10Intersection01"/>
                        <intersectionNode node="startPoint10Intersection02"/>
                    </tensionBelt>
                    <tensionBelt startNode="startPoint11" endNode="startPoint11End">
                        <intersectionNode node="startPoint11Intersection01"/>
                        <intersectionNode node="startPoint11Intersection02"/>
                    </tensionBelt>
                    <tensionBelt startNode="startPoint12" endNode="startPoint12End" offsetRight="0.2">
                        <intersectionNode node="startPoint12Intersection01"/>
                        <intersectionNode node="startPoint12Intersection02"/>
                    </tensionBelt>
                    <sounds>
                        <toggleBelt template="beltClose"/>
                        <addBelt template="beltOpen"/>
                        <removeBelt template="beltClose"/>
                    </sounds>
                </tensionBelts>
            </tensionBeltsConfiguration>
        </tensionBeltsConfigurations>
    </tensionBelts>
	
	<PalletAutoLoader maxObjects="132" useBales="false" useTensionBelts="false" supportedObject="data/objects/pallets">
		<trigger node="triggerNode"/>
		<pickupTriggers>
			<pickupTrigger node="pickupTriggerNode"/>
			<pickupTrigger node="pickupTriggerNode2"/>
		</pickupTriggers>
		<loadPlaces node="loadPlacesBaseNode" />
	</PalletAutoLoader>
	
    <foliageBending>
        <bendingNode minX="-1.3" maxX="1.3" minZ="-6.9" maxZ="3.1" yOffset="0.5"/>
        <bendingNode minX="-1.32" maxX="1.32" minZ="3.05" maxZ="7" yOffset="1"/>
    </foliageBending>
    <baseMaterial>
        <material name="profiLiner_mat" baseNode="profiLiner_vis">
            <shaderParameter name="colorMat0" value="KRONE_BLUE5"/>
            <shaderParameter name="colorMat1" value="0.9 0.9 0.9 0"/>
        </material>
        <material name="profiLinerAlpha_mat" baseNode="alpha">
            <shaderParameter name="colorMat0" value="KRONE_BLUE5"/>
            <shaderParameter name="colorMat1" value="0.9 0.9 0.9 0"/>
        </material>
        <material name="profiLinerCurtains_mat" baseNode="coverLeft_closed">
            <shaderParameter name="colorMat0" value="0.9 0.9 0.9 0"/>
            <shaderParameter name="colorMat1" value="0.85 0.85 0.85 0"/>
        </material>
    </baseMaterial>
	
    <baseMaterialConfigurations price="3000" useDefaultColors="true">
        <material name="profiLinerCurtains_mat" shaderParameter="colorMat1"/>
        <material name="profiLinerCurtains_mat" shaderParameter="colorMat0"/>
        <baseMaterialConfiguration name="$l10n_ui_colorWhite" color="0.85 0.85 0.85 0"/>
    </baseMaterialConfigurations>
	
    <designMaterialConfigurations price="500" useDefaultColors="true" title="$l10n_configuration_chassisColor">
        <material name="profiLiner_mat" shaderParameter="colorMat0"/>
        <material name="profiLinerAlpha_mat" shaderParameter="colorMat0"/>
        <designMaterialConfiguration name="$l10n_ui_colorBlack" color="SHARED_DA_METAL_BLACK"/>
        <designMaterialConfiguration name="$l10n_ui_colorBlue" color="KRONE_BLUE5"/>
    </designMaterialConfigurations>
	
    <designMaterial2Configurations price="500" useDefaultColors="true">
        <material name="profiLiner_mat" shaderParameter="colorMat1"/>
        <material name="profiLinerAlpha_mat" shaderParameter="colorMat1"/>
    </designMaterial2Configurations>
	
    <designConfigurations>
        <designConfiguration name="Krone" price="500" displayBrand="KRONETRAILER">
            <objectChange node="configDecal_krone01" visibilityActive="true" visibilityInactive="false"/>
            <objectChange node="configDecal_krone02" visibilityActive="true" visibilityInactive="false"/>
            <objectChange node="configDecal_krone03" visibilityActive="true" visibilityInactive="false"/>
            <objectChange node="configDecal_krone04" visibilityActive="true" visibilityInactive="false"/>
            <objectChange node="configDecal_krone05" visibilityActive="true" visibilityInactive="false"/>
            <objectChange node="configDecal_krone06" visibilityActive="true" visibilityInactive="false"/>
            <objectChange node="configDecal_krone07" visibilityActive="true" visibilityInactive="false"/>
            <objectChange node="configDecal_krone08" visibilityActive="true" visibilityInactive="false"/>
            <material name="profiLinerCurtains_mat" shaderParameter="colorMat0" color="0.85 0.85 0.85 0"/>
            <material name="profiLinerCurtains_mat" shaderParameter="colorMat1" color="0.85 0.85 0.85 0"/>
        </designConfiguration>
        <designConfiguration name="GIANTS" price="500" displayBrand="GIANTS">
            <objectChange node="configDecal_giants01" visibilityActive="true" visibilityInactive="false"/>
            <objectChange node="configDecal_giants02" visibilityActive="true" visibilityInactive="false"/>
            <objectChange node="configDecal_giants03" visibilityActive="true" visibilityInactive="false"/>
            <objectChange node="configDecal_giants04" visibilityActive="true" visibilityInactive="false"/>
            <objectChange node="configDecal_giants05" visibilityActive="true" visibilityInactive="false"/>
            <objectChange node="configDecal_giants06" visibilityActive="true" visibilityInactive="false"/>
            <objectChange node="configDecal_giants07" visibilityActive="true" visibilityInactive="false"/>
            <objectChange node="configDecal_giants08" visibilityActive="true" visibilityInactive="false"/>
            <material name="profiLinerCurtains_mat" shaderParameter="colorMat0" color="0.85 0.85 0.85 0"/>
            <material name="profiLinerCurtains_mat" shaderParameter="colorMat1" color="0.85 0.85 0.85 0"/>
        </designConfiguration>
        <designConfiguration name="$l10n_configuration_valueDefault" price="0">
            <objectChange node="configDecal_krone01" visibilityActive="false"/>
            <objectChange node="configDecal_krone02" visibilityActive="false"/>
            <objectChange node="configDecal_krone03" visibilityActive="false"/>
            <objectChange node="configDecal_krone04" visibilityActive="false"/>
            <objectChange node="configDecal_krone05" visibilityActive="false"/>
            <objectChange node="configDecal_krone06" visibilityActive="false"/>
            <objectChange node="configDecal_krone07" visibilityActive="false"/>
            <objectChange node="configDecal_krone08" visibilityActive="false"/>
            <objectChange node="configDecal_giants01" visibilityActive="false"/>
            <objectChange node="configDecal_giants02" visibilityActive="false"/>
            <objectChange node="configDecal_giants03" visibilityActive="false"/>
            <objectChange node="configDecal_giants04" visibilityActive="false"/>
            <objectChange node="configDecal_giants05" visibilityActive="false"/>
            <objectChange node="configDecal_giants06" visibilityActive="false"/>
            <objectChange node="configDecal_giants07" visibilityActive="false"/>
            <objectChange node="configDecal_giants08" visibilityActive="false"/>
        </designConfiguration>
    </designConfigurations>
	
    <rimColorConfigurations useDefaultColors="true" price="300" >
        <rimColorConfiguration name="$l10n_ui_colorChrome"  color="SHARED_WHITE2"           material="3" price="6000"/>
        <rimColorConfiguration name="$l10n_ui_colorGrey"    color="SHARED_WHITE1"           material="18" price="0"/>
        <rimColorConfiguration name="$l10n_ui_colorWhite"   color="SHARED_WHITE2"           material="0" price="0"/>
        <rimColorConfiguration name="$l10n_ui_colorBlack"   color="SHARED_DA_METAL_BLACK"   material="0" price="0"/>
		<rimColorConfiguration name="MATTE RED" 			color="CASEIH_RED1" 			material="1" price="250"/>
		<rimColorConfiguration name="MATTE BLUE" 			color="NEWHOLLAND_BLUE1" 		material="1" price="250"/>
		<rimColorConfiguration name="MATTE GREEN" 			color="KRONE_GREEN1" 			material="1" price="250"/>
		<rimColorConfiguration name="MATTE YELLOW" 			color="JOHNDEERE_YELLOW1"		material="1" price="250"/>
		<rimColorConfiguration name="MATTE ORANGE" 			color="STARA_ORANGE" 			material="1" price="250"/>		
		<rimColorConfiguration name="CHROME Dunkelgrün" 	color="FENDT_DARKGREEN1" 		material="2" price="500"/>
		<rimColorConfiguration name="CHROME Gelb" 			color="FENDT_YELLOW1" 			material="2" price="500"/>
		<rimColorConfiguration name="CHROME Tükis" 			color="0.000 1.000 1.000 1" 	material="2" price="500"/> 
		<rimColorConfiguration name="CHROME Pink" 			color="0.929 0.004 0.176 1" 	material="2" price="500"/>
		<rimColorConfiguration name="CHROME Staubgrau" 		color="RAL_7037" 				material="2" price="500"/>		
		<rimColorConfiguration name="CHROME Blunk" 			color="1 1 0.45 1" 				material="2" price="500"/>
		<rimColorConfiguration name="CHROME BlueModding" 	color="0.000 0.004 0.024 1" 	material="2" price="500"/>
		<rimColorConfiguration name="CHROME Tükis" 			color="0.000 1.000 1.000 1" 	material="2" price="500"/> 
		<rimColorConfiguration name="CHROME SpringGreen3" 	color="0.000 0.804 0.400 1" 	material="2" price="500"/> 
		<rimColorConfiguration name="CHROME RoyalBlue3" 	color="0.227 0.373 0.804 1" 	material="2" price="500"/> 
		<rimColorConfiguration name="CHROME Green3" 		color="0.000 0.804 0.000 1" 	material="2" price="500"/> 
		<rimColorConfiguration name="CHROME" 				color="SHARED_WHITE2"			material="2" price="500"/>
		<rimColorConfiguration name="GOLD" 					color="KRONE_YELLOW1" 			material="2" price="500"/>
		<rimColorConfiguration name="CHROME BLACK" 			color="SHARED_BLACK2" 			material="2" price="500"/>
		<rimColorConfiguration name="CHROME RED" 			color="CASEIH_RED1" 			material="2" price="500"/>
		<rimColorConfiguration name="CHROME BLUE" 			color="NEWHOLLAND_BLUE1" 		material="2" price="500"/>
		<rimColorConfiguration name="CHROME GREEN" 			color="KRONE_GREEN1" 			material="2" price="500"/>
		<rimColorConfiguration name="CHROME YELLOW" 		color="JOHNDEERE_YELLOW1"		material="2" price="500"/>
		<rimColorConfiguration name="CHROME ORANGE " 		color="STARA_ORANGE" 			material="2" price="500"/>
		<rimColorConfiguration name="METALIC WHITE"  		color="SHARED_WHITE2" 			material="4" price="1000"/>
		<rimColorConfiguration name="METALIC TAN" 			color="KRONE_YELLOW1"			material="4" price="1000"/>
		<rimColorConfiguration name="METALIC BLACK" 		color="SHARED_BLACK2" 			material="4" price="1000"/>
		<rimColorConfiguration name="METALIC RED" 			color="CASEIH_RED1" 			material="4" price="1000"/>
		<rimColorConfiguration name="METALIC BLUE" 			color="NEWHOLLAND_BLUE1" 		material="4" price="1000"/>
		<rimColorConfiguration name="METALIC GREEN" 		color="KRONE_GREEN1" 			material="4" price="1000"/>
		<rimColorConfiguration name="METALIC YELLOW" 		color="JOHNDEERE_YELLOW1"		material="4" price="1000"/>
		<rimColorConfiguration name="METALIC ORANGE" 		color="STARA_ORANGE" 			material="4" price="1000"/>				
		<rimColorConfiguration name="CANDY GOLD" 			color="KRONE_YELLOW1"			material="3" price="1500"/>
		<rimColorConfiguration name="CANDY BLACK"  			color="SHARED_BLACK2" 			material="3" price="1500"/>
		<rimColorConfiguration name="CANDY RED" 			color="CASEIH_RED1" 			material="3" price="1500"/>
		<rimColorConfiguration name="CANDY BLUE" 			color="NEWHOLLAND_BLUE1" 		material="3" price="1500"/>
		<rimColorConfiguration name="CANDY GREEN"  			color="KRONE_GREEN1" 			material="3" price="1500"/>
		<rimColorConfiguration name="CANDY YELLOW" 			color="JOHNDEERE_YELLOW1"		material="3" price="1500"/>
		<rimColorConfiguration name="CANDY ORANGE" 			color="STARA_ORANGE" 			material="3" price="1500"/>
    </rimColorConfigurations>
	
    <ai>
        <agentAttachment jointNode="attacherJoint" rotCenterWheelIndices="1 2 3 4" width="2.7" height="4" length="13.9" lengthOffset="1.8"/>
    </ai>
	
    <wearable wearDuration="480" workMultiplier="5" fieldMultiplier="2"/>
    <washable dirtDuration="90" washDuration="1" workMultiplier="3" fieldMultiplier="2"/>
	
    <i3dMappings>
        <i3dMapping id="profiLiner_main_component1" node="0>"/>
        <i3dMapping id="profiLiner_vis" node="0>0"/>
        <i3dMapping id="attacherJoint" node="0>0|0|0"/>
        <i3dMapping id="supportArm" node="0>0|0|1"/>
        <i3dMapping id="supportCol" node="0>0|0|1|0"/>
        <i3dMapping id="electricCover" node="0>0|0|2|0"/>
        <i3dMapping id="electric" node="0>0|0|2|1"/>
        <i3dMapping id="airYellow" node="0>0|0|2|2"/>
        <i3dMapping id="airRed" node="0>0|0|2|3"/>
        <i3dMapping id="supportHandle" node="0>0|0|3"/>
        <i3dMapping id="supportHandleArm" node="0>0|0|3|0"/>
        <i3dMapping id="wheelFrontLeft" node="0>0|1|0"/>
        <i3dMapping id="wheelFrontRight" node="0>0|1|1"/>
        <i3dMapping id="wheelMiddleLeft" node="0>0|1|2"/>
        <i3dMapping id="wheelMiddleRight" node="0>0|1|3"/>
        <i3dMapping id="wheelBackLeft" node="0>0|1|4"/>
        <i3dMapping id="wheelBackRight" node="0>0|1|5"/>
        <i3dMapping id="extraWheel" node="0>0|1|6|0"/>
        <i3dMapping id="wheelChock01_01" node="0>0|1|7"/>
        <i3dMapping id="wheelChock01_02" node="0>0|1|8"/>
        <i3dMapping id="turnLightLeft_static" node="0>0|2|0|0"/>
        <i3dMapping id="turnLightRight_static" node="0>0|2|0|1"/>
        <i3dMapping id="reverseLight_static" node="0>0|2|0|2"/>
        <i3dMapping id="defaultLight_static" node="0>0|2|0|3"/>
        <i3dMapping id="numberPlateLightsGlass_static" node="0>0|2|0|4"/>
        <i3dMapping id="sideMarker08White_02" node="0>0|2|1|0"/>
        <i3dMapping id="sideMarker08White_01" node="0>0|2|1|1"/>
        <i3dMapping id="sideMarker08Orange_08" node="0>0|2|1|2"/>
        <i3dMapping id="sideMarker08Orange_07" node="0>0|2|1|3"/>
        <i3dMapping id="sideMarker08Orange_06" node="0>0|2|1|4"/>
        <i3dMapping id="sideMarker08Orange_05" node="0>0|2|1|5"/>
        <i3dMapping id="sideMarker08Orange_04" node="0>0|2|1|6"/>
        <i3dMapping id="sideMarker08Orange_03" node="0>0|2|1|7"/>
        <i3dMapping id="sideMarker08Orange_02" node="0>0|2|1|8"/>
        <i3dMapping id="sideMarker08Orange_01" node="0>0|2|1|9"/>
        <i3dMapping id="hellaWorkingLightSquare_02_02" node="0>0|2|1|10"/>
        <i3dMapping id="hellaWorkingLightSquare_02_01" node="0>0|2|1|11"/>
        <i3dMapping id="yellowRound_02_02" node="0>0|2|1|12"/>
        <i3dMapping id="yellowRound_02_01" node="0>0|2|1|13"/>
        <i3dMapping id="backLightsHigh1" node="0>0|2|2|0"/>
        <i3dMapping id="turnLightLeftBack" node="0>0|2|3|0"/>
        <i3dMapping id="turnLightRightBack" node="0>0|2|3|1"/>
        <i3dMapping id="reverseLightHigh1" node="0>0|2|4|0"/>
        <i3dMapping id="licensePlateLightHigh" node="0>0|2|5"/>
        <i3dMapping id="doorLeft" node="0>0|3|0"/>
        <i3dMapping id="configDecal_krone01" node="0>0|3|0|0|0"/>
        <i3dMapping id="configDecal_giants01" node="0>0|3|0|0|1"/>
        <i3dMapping id="doorLeftLock01" node="0>0|3|0|1|2"/>
        <i3dMapping id="doorLeftLock02" node="0>0|3|0|1|3"/>
        <i3dMapping id="doorRight" node="0>0|3|1"/>
        <i3dMapping id="configDecal_krone02" node="0>0|3|1|0|0"/>
        <i3dMapping id="configDecal_giants02" node="0>0|3|1|0|1"/>
        <i3dMapping id="doorRightLock01" node="0>0|3|1|1|3"/>
        <i3dMapping id="doorRightLock02" node="0>0|3|1|1|4"/>
        <i3dMapping id="coverLeft_closed" node="0>0|3|2|0"/>
        <i3dMapping id="configDecal_krone03" node="0>0|3|2|0|0|0"/>
        <i3dMapping id="configDecal_giants03" node="0>0|3|2|0|0|1"/>
        <i3dMapping id="coverRight_closed" node="0>0|3|2|1"/>
        <i3dMapping id="configDecal_krone04" node="0>0|3|2|1|0|0"/>
        <i3dMapping id="configDecal_giants04" node="0>0|3|2|1|0|1"/>
        <i3dMapping id="coverLeft_openFront" node="0>0|3|2|2"/>
        <i3dMapping id="configDecal_krone05" node="0>0|3|2|2|0|0"/>
        <i3dMapping id="configDecal_giants05" node="0>0|3|2|2|0|1"/>
        <i3dMapping id="coverLeft_openBack" node="0>0|3|2|3"/>
        <i3dMapping id="configDecal_krone06" node="0>0|3|2|3|0|0"/>
        <i3dMapping id="configDecal_giants06" node="0>0|3|2|3|0|1"/>
        <i3dMapping id="coverRight_openFront" node="0>0|3|2|4"/>
        <i3dMapping id="configDecal_giants07" node="0>0|3|2|4|0|0"/>
        <i3dMapping id="configDecal_krone07" node="0>0|3|2|4|0|1"/>
        <i3dMapping id="coverRight_openBack" node="0>0|3|2|5"/>
        <i3dMapping id="configDecal_krone08" node="0>0|3|2|5|0|0"/>
        <i3dMapping id="configDecal_giants08" node="0>0|3|2|5|0|1"/>
        <i3dMapping id="barLeft01" node="0>0|3|3"/>
        <i3dMapping id="barLeft02" node="0>0|3|4"/>
        <i3dMapping id="barLeft03" node="0>0|3|5"/>
        <i3dMapping id="barRight01" node="0>0|3|6"/>
        <i3dMapping id="barRight02" node="0>0|3|7"/>
        <i3dMapping id="barRight03" node="0>0|3|8"/>
        <i3dMapping id="planksLeftFolded" node="0>0|3|9"/>
        <i3dMapping id="planksLeftUnfolded" node="0>0|3|10"/>
        <i3dMapping id="planksRightFolded" node="0>0|3|11"/>
        <i3dMapping id="planksRightUnfolded" node="0>0|3|12"/>
        <i3dMapping id="colPartLeft01" node="0>0|3|13|0"/>
        <i3dMapping id="colPartLeft02" node="0>0|3|13|1"/>
        <i3dMapping id="colPartLeft03" node="0>0|3|13|2"/>
        <i3dMapping id="colPartLeft04" node="0>0|3|13|3"/>
        <i3dMapping id="colPartLeft05" node="0>0|3|13|4"/>
        <i3dMapping id="colPartLeft06" node="0>0|3|13|5"/>
        <i3dMapping id="colPartRight01" node="0>0|3|13|6"/>
        <i3dMapping id="colPartRight02" node="0>0|3|13|7"/>
        <i3dMapping id="colPartRight03" node="0>0|3|13|8"/>
        <i3dMapping id="colPartRight04" node="0>0|3|13|9"/>
        <i3dMapping id="colPartRight05" node="0>0|3|13|10"/>
        <i3dMapping id="colPartRight06" node="0>0|3|13|11"/>
        <i3dMapping id="tensionBelts" node="0>0|4"/>
        <i3dMapping id="startPoint01" node="0>0|4|0"/>
        <i3dMapping id="startPoint01End" node="0>0|4|0|0"/>
        <i3dMapping id="startPoint01Intersection01" node="0>0|4|0|1"/>
        <i3dMapping id="startPoint01Intersection02" node="0>0|4|0|2"/>
        <i3dMapping id="startPoint02" node="0>0|4|1"/>
        <i3dMapping id="startPoint02End" node="0>0|4|1|0"/>
        <i3dMapping id="startPoint02Intersection01" node="0>0|4|1|1"/>
        <i3dMapping id="startPoint02Intersection02" node="0>0|4|1|2"/>
        <i3dMapping id="startPoint03" node="0>0|4|2"/>
        <i3dMapping id="startPoint03End" node="0>0|4|2|0"/>
        <i3dMapping id="startPoint03Intersection01" node="0>0|4|2|1"/>
        <i3dMapping id="startPoint03Intersection02" node="0>0|4|2|2"/>
        <i3dMapping id="startPoint04" node="0>0|4|3"/>
        <i3dMapping id="startPoint04End" node="0>0|4|3|0"/>
        <i3dMapping id="startPoint04Intersection01" node="0>0|4|3|1"/>
        <i3dMapping id="startPoint04Intersection02" node="0>0|4|3|2"/>
        <i3dMapping id="startPoint05" node="0>0|4|4"/>
        <i3dMapping id="startPoint05End" node="0>0|4|4|0"/>
        <i3dMapping id="startPoint05Intersection01" node="0>0|4|4|1"/>
        <i3dMapping id="startPoint05Intersection02" node="0>0|4|4|2"/>
        <i3dMapping id="startPoint06" node="0>0|4|5"/>
        <i3dMapping id="startPoint06End" node="0>0|4|5|0"/>
        <i3dMapping id="startPoint06Intersection01" node="0>0|4|5|1"/>
        <i3dMapping id="startPoint06Intersection02" node="0>0|4|5|2"/>
        <i3dMapping id="startPoint07" node="0>0|4|6"/>
        <i3dMapping id="startPoint07End" node="0>0|4|6|0"/>
        <i3dMapping id="startPoint07Intersection01" node="0>0|4|6|1"/>
        <i3dMapping id="startPoint07Intersection02" node="0>0|4|6|2"/>
        <i3dMapping id="startPoint08" node="0>0|4|7"/>
        <i3dMapping id="startPoint08End" node="0>0|4|7|0"/>
        <i3dMapping id="startPoint08Intersection01" node="0>0|4|7|1"/>
        <i3dMapping id="startPoint08Intersection02" node="0>0|4|7|2"/>
        <i3dMapping id="startPoint09" node="0>0|4|8"/>
        <i3dMapping id="startPoint09End" node="0>0|4|8|0"/>
        <i3dMapping id="startPoint09Intersection01" node="0>0|4|8|1"/>
        <i3dMapping id="startPoint09Intersection02" node="0>0|4|8|2"/>
        <i3dMapping id="startPoint10" node="0>0|4|9"/>
        <i3dMapping id="startPoint10End" node="0>0|4|9|0"/>
        <i3dMapping id="startPoint10Intersection01" node="0>0|4|9|1"/>
        <i3dMapping id="startPoint10Intersection02" node="0>0|4|9|2"/>
        <i3dMapping id="startPoint11" node="0>0|4|10"/>
        <i3dMapping id="startPoint11End" node="0>0|4|10|0"/>
        <i3dMapping id="startPoint11Intersection01" node="0>0|4|10|1"/>
        <i3dMapping id="startPoint11Intersection02" node="0>0|4|10|2"/>
        <i3dMapping id="startPoint12" node="0>0|4|11"/>
        <i3dMapping id="startPoint12End" node="0>0|4|11|0"/>
        <i3dMapping id="startPoint12Intersection01" node="0>0|4|11|1"/>
        <i3dMapping id="startPoint12Intersection02" node="0>0|4|11|2"/>
        <i3dMapping id="beltActivationTrigger" node="0>0|4|12"/>
        <i3dMapping id="alpha" node="0>0|5|0"/>
        <i3dMapping id="licensePlateBack" node="0>0|6"/>
        <i3dMapping id="pickupTriggerNode" node="0>0|7|0" />
        <i3dMapping id="triggerNode" node="0>0|7|1" />
        <i3dMapping id="loadPlacesBaseNode" node="0>0|7|2" />
        <i3dMapping id="pickupTriggerNode2" node="0>0|7|3" />
    </i3dMappings>
</vehicle>
