<?xml version="1.0" encoding="utf-8" standalone="no" ?>
<modDesc descVersion="61">
	<author>Ian898</author>
	<version>1.0.0.0</version>
	
	<title>
		<en>Place Anywhere</en>
		<de>Überall platzieren</de>
	</title>
	
	<description>
		<en><![CDATA[Adds a button to build mode to toggle build collisions.]]></en>
		<de><![CDATA[Fügt dem Baumodus eine Schaltfläche hinzu, mit der Kollisionen umgeschaltet werden können.]]></de>
		<fr><![CDATA[Ajoute un bouton au mode de construction pour activer les collisions de construction.]]></fr>
	</description>
	
	<iconFilename>icon.dds</iconFilename>
	<multiplayer supported="true"/>

	<extraSourceFiles>
		<sourceFile filename="PlaceAnywhere.lua"/>
	</extraSourceFiles>

	<l10n>
		<text name="input_PLACEANYWHERE">
			<en>Place Anywhere</en>
			<de>Überall platzieren</de>
			<fr>Placez n'importe où</fr>
		</text>
		<text name="PLACEANYWHERE_ACTIVE">
			<en>Place Anywhere: ON</en>
			<de>Überall platzieren: ON</de>
			<fr>Placez n'importe où: ON</fr>
		</text>
		<text name="PLACEANYWHERE_DEACTIVE">
			<en>Place Anywhere: OFF</en>
			<de>Überall platzieren: AUS</de>
			<fr>Placez n'importe où: OFF</fr>
		</text>
	</l10n>

	<actions>
		<action name="PLACEANYWHERE" category="SYSTEM" ignoreComboMask="false" />
	</actions>

	<inputBinding>
		<actionBinding action="PLACEANYWHERE">
			<binding device="KB_MOUSE_DEFAULT" input="KEY_space" axisComponent="+" neutralInput="0" index="1"/>
		</actionBinding>
	</inputBinding>

</modDesc>