﻿<?xml version="1.0" encoding="utf-8" standalone="no" ?>
<vehicle type="AutoLoaderTrailer" xmlns:xsi="http://www.w3.org/2001/XMLSchema-instance" xsi:noNamespaceSchemaLocation="../../../../shared/xml/schema/vehicle.xsd">
    <annotation>Copyright (C) GIANTS Software GmbH, All Rights Reserved.</annotation>
    <storeData>
        <name>            <en>DPW 1800 AutoLoad</en>
        </name>
        <functions>
            <function>$l10n_function_baleTrailer</function>
        </functions>
        <image>store_dpw1800.dds</image>
        <price>24500</price>
        <lifetime>600</lifetime>
        <rotation>0</rotation>
        <brand>FARMTECH</brand>
        <category>baleLoaders</category>
        <shopTranslationOffset>0 -0.026 0</shopTranslationOffset>
        <shopRotationOffset>0.054 0 0</shopRotationOffset>
        <shopLoadingDelay initial="0.35"/>
        <vertexBufferMemoryUsage>1120000</vertexBufferMemoryUsage>
        <indexBufferMemoryUsage>196608</indexBufferMemoryUsage>
        <textureMemoryUsage>1245184</textureMemoryUsage>
        <instanceVertexBufferMemoryUsage>0</instanceVertexBufferMemoryUsage>
        <instanceIndexBufferMemoryUsage>0</instanceIndexBufferMemoryUsage>
        <audioMemoryUsage>0</audioMemoryUsage>
    </storeData>
    <base>
        <typeDesc>$l10n_typeDesc_tipper</typeDesc>
        <filename>dpw1800.i3d</filename>
        <size width="4" length="12.5" lengthOffset="0.3"/>
        <components>
            <component centerOfMass="0 0.25 -1" solverIterationCount="10" mass="1000"/>
            <component centerOfMass="0 0.25 0" solverIterationCount="10" mass="500"/>
            <component solverIterationCount="10" mass="300"/>
            <joint component1="1" component2="2" node="componentJointFront" rotLimit="0 120 0" transLimit="0 0 0"/>
            <joint component1="2" component2="3" node="componentJointDrawbar" rotLimit="0 0 0" transLimit="0 0 0"/>
        </components>
        <schemaOverlay attacherJointPosition="0 0" name="IMPLEMENT"/>
    </base>
    <wheels>
        <wheelConfigurations>
            <wheelConfiguration name="$l10n_configuration_valueDefault" price="0" brand="TRELLEBORG" saveId="TRELLEBORG_DEFAULT">
                <wheels>
                    <wheel filename="$data/shared/wheels/tires/trelleborg/AW305/480_45R17.xml" isLeft="true" hasTireTracks="true" hasParticles="true">
                        <physics tipOcclusionAreaGroupId="1" restLoad="1.0" repr="wheelFrontLeft" forcePointRatio="0.25" initialCompression="8" suspTravel="0.1" spring="75" mass="0.5" damper="60" yOffset="0.01"/>
                    </wheel>
                    <wheel filename="$data/shared/wheels/tires/trelleborg/AW305/480_45R17.xml" isLeft="false" hasTireTracks="true" hasParticles="true">
                        <physics tipOcclusionAreaGroupId="1" restLoad="1.0" repr="wheelFrontRight" forcePointRatio="0.25" initialCompression="8" suspTravel="0.1" spring="75" mass="0.5" damper="60" yOffset="0.01"/>
                    </wheel>
                    <wheel filename="$data/shared/wheels/tires/trelleborg/AW305/480_45R17.xml" isLeft="true" hasTireTracks="true" hasParticles="true">
                        <physics tipOcclusionAreaGroupId="1" restLoad="0.7" repr="wheelMiddleLeft" forcePointRatio="0.25" initialCompression="8" suspTravel="0.1" spring="75" mass="0.5" damper="60" brakeFactor="0.25" yOffset="0.01"/>
                        <wheelChock parkingNode="wheelChock01_01"/>
                        <wheelChock parkingNode="wheelChock01_02" isInverted="true"/>
                    </wheel>
                    <wheel filename="$data/shared/wheels/tires/trelleborg/AW305/480_45R17.xml" isLeft="false" hasTireTracks="true" hasParticles="true">
                        <physics tipOcclusionAreaGroupId="1" restLoad="0.7" repr="wheelMiddleRight" forcePointRatio="0.25" initialCompression="8" suspTravel="0.1" spring="75" mass="0.5" damper="60" brakeFactor="0.25" yOffset="0.01"/>
                    </wheel>
                    <wheel filename="$data/shared/wheels/tires/trelleborg/AW305/480_45R17.xml" isLeft="true" hasTireTracks="true" hasParticles="true">
                        <physics tipOcclusionAreaGroupId="1" restLoad="0.6" repr="wheelBackLeft" forcePointRatio="0.25" initialCompression="8" suspTravel="0.1" spring="75" mass="0.5" damper="60" brakeFactor="0.25" yOffset="0.01"/>
                    </wheel>
                    <wheel filename="$data/shared/wheels/tires/trelleborg/AW305/480_45R17.xml" isLeft="false" hasTireTracks="true" hasParticles="true">
                        <physics tipOcclusionAreaGroupId="1" restLoad="0.6" repr="wheelBackRight" forcePointRatio="0.25" initialCompression="8" suspTravel="0.1" spring="75" mass="0.5" damper="60" brakeFactor="0.25" yOffset="0.01"/>
                    </wheel>
                </wheels>
            </wheelConfiguration>
        </wheelConfigurations>
        <rimColor material="18">SHARED_WHITE1</rimColor>
        <hubs>
            <color0>SHARED_DA_METAL_BLACK</color0>
            <color1>SHARED_GREY3</color1>
            <hub linkNode="wheelFrontLeft" filename="$data/shared/wheels/hubs/hub_n10_5.xml" isLeft="true" scale="0.25 0.25 0.25"/>
            <hub linkNode="wheelFrontRight" filename="$data/shared/wheels/hubs/hub_n10_5.xml" isLeft="false" scale="0.25 0.25 0.25"/>
            <hub linkNode="wheelMiddleLeft" filename="$data/shared/wheels/hubs/hub_n10_5.xml" isLeft="true" scale="0.25 0.25 0.25"/>
            <hub linkNode="wheelMiddleRight" filename="$data/shared/wheels/hubs/hub_n10_5.xml" isLeft="false" scale="0.25 0.25 0.25"/>
            <hub linkNode="wheelBackLeft" filename="$data/shared/wheels/hubs/hub_n10_5.xml" isLeft="true" scale="0.25 0.25 0.25"/>
            <hub linkNode="wheelBackRight" filename="$data/shared/wheels/hubs/hub_n10_5.xml" isLeft="false" scale="0.25 0.25 0.25"/>
        </hubs>
    </wheels>
    <attachable>
        <inputAttacherJoints>
            <inputAttacherJoint node="attacherJoint" jointType="trailer" rootNode="dpw1800_drawbar_component3" attacherHeight="0.65"/>
        </inputAttacherJoints>
        <brakeForce force="0.6"/>
        <support animationName="moveSupport"/>
    </attachable>
    <dynamicallyLoadedParts>
        <dynamicallyLoadedPart node="0" linkNode="chockSupport01" filename="$data/shared/assets/wheelChocks/wheelChockSupport01.i3d"/>
        <dynamicallyLoadedPart node="0" linkNode="chockSupport02" filename="$data/shared/assets/wheelChocks/wheelChockSupport01.i3d"/>
    </dynamicallyLoadedParts>
    <connectionHoses>
        <hose inputAttacherJointIndices="1" type="airDoubleRed" node="airIn" adapterNode="airIn_detached" length="1.4" diameter="0.02" straighteningFactor="1">
            <objectChange node="airIn_detached" visibilityActive="false" visibilityInactive="true"/>
        </hose>
        <hose inputAttacherJointIndices="1" type="airDoubleYellow" node="airOut" adapterNode="airOut_detached" length="1.4" diameter="0.02" straighteningFactor="1">
            <objectChange node="airOut_detached" visibilityActive="false" visibilityInactive="true"/>
        </hose>
        <hose inputAttacherJointIndices="1" type="electric" node="electric" adapterNode="electric_detached" length="1.4" diameter="0.01" straighteningFactor="1">
            <objectChange node="electric_detached" visibilityActive="false" visibilityInactive="true"/>
        </hose>
    </connectionHoses>
    <lights>
        <sharedLight linkNode="whiteRound_01" filename="$data/shared/assets/reflectors/lizard/whiteRound_01.xml"/>
        <sharedLight linkNode="whiteRound_02" filename="$data/shared/assets/reflectors/lizard/whiteRound_01.xml"/>
        <sharedLight linkNode="yellowRound_02_01" filename="$data/shared/assets/reflectors/lizard/yellowRound_02.xml"/>
        <sharedLight linkNode="yellowRound_02_02" filename="$data/shared/assets/reflectors/lizard/yellowRound_02.xml"/>
        <sharedLight linkNode="plateNumberLight01_01" filename="$data/shared/assets/lights/lizard/plateNumberLight01.xml"/>
        <sharedLight linkNode="plateNumberLight01_02" filename="$data/shared/assets/lights/lizard/plateNumberLight01.xml"/>
        <sharedLight linkNode="sideMarker03_left" filename="$data/shared/assets/lights/lizard/sideMarker03_left.xml"/>
        <sharedLight linkNode="sideMarker03_right" filename="$data/shared/assets/lights/lizard/sideMarker03_right.xml"/>
        <sharedLight linkNode="rearLight13_left" filename="$data/shared/assets/lights/lizard/rearLight13_left.xml"/>
        <sharedLight linkNode="rearLight13_right" filename="$data/shared/assets/lights/lizard/rearLight13_right.xml"/>
        <sharedLight linkNode="sideMarker05Orange_01" filename="$data/shared/assets/lights/lizard/sideMarker05Orange.xml"/>
        <sharedLight linkNode="sideMarker05Orange_02" filename="$data/shared/assets/lights/lizard/sideMarker05Orange.xml"/>
        <realLights>
            <high>
                <light node="backLightsHigh1" lightTypes="0"/>
                <light node="licensePlateLightHigh" lightTypes="0"/>
                <turnLightLeft node="turnLightLeftBack"/>
                <turnLightRight node="turnLightRightBack"/>
                <brakeLight node="backLightsHigh1"/>
            </high>
        </realLights>
    </lights>
    <licensePlates>
        <licensePlate node="licensePlateNodeBack" frame="false" position="BACK" preferedType="ELONGATED" placementArea="0.049 0.255 0.049 0.255"/>
    </licensePlates>
    <animations>
        <animation name="moveSupport">
            <part componentJointIndex="2" startTime="0.0" endTime="0.15" startRotLimit="15 0 0" endRotLimit="15 0 0"/>
            <sound template="clackVar5" startTime="0.14" volumeScale="2.3" pitchScale="1.5" linkNode="attacherJoint"/>
        </animation>
    </animations>
    <cylindered>
        <movingParts>
            <movingPart node="springLeftPart" referencePoint="springLeftRef" referenceFrame="springLeftRef" isActiveDirty="true" maxUpdateDistance="50"/>
            <movingPart node="springRightPart" referencePoint="springRightRef" referenceFrame="springRightRef" isActiveDirty="true" maxUpdateDistance="50"/>
            <movingPart node="springLeft" referencePoint="springLeftRef" referenceFrame="springLeftRef" scaleZ="true" isActiveDirty="true" maxUpdateDistance="50"/>
            <movingPart node="springRight" referencePoint="springRightRef" referenceFrame="springRightRef" scaleZ="true" isActiveDirty="true" maxUpdateDistance="50"/>
        </movingParts>
        <sounds>
            <hydraulic template="defaultHydraulicSound" linkNode="0>"/>
        </sounds>
    </cylindered>
    <designConfigurations>
        <designConfiguration name="$l10n_configuration_valueDefault">
            <objectChange node="barFront" visibilityActive="false"/>
            <objectChange node="barBack" visibilityActive="false"/>
            <objectChange node="colPart01" compoundChildActive="false"/>
            <objectChange node="colPart02" compoundChildActive="false"/>
            <objectChange node="colPart03" compoundChildActive="false"/>
            <objectChange node="colPart04" compoundChildActive="false"/>
        </designConfiguration>
        <designConfiguration name="$l10n_configuration_extension" price="1200">
            <objectChange node="barFront" visibilityActive="true"/>
            <objectChange node="barBack" visibilityActive="true"/>
            <objectChange node="colPart01" compoundChildActive="true"/>
            <objectChange node="colPart02" compoundChildActive="true"/>
            <objectChange node="colPart03" compoundChildActive="true"/>
            <objectChange node="colPart04" compoundChildActive="true"/>
        </designConfiguration>
    </designConfigurations>
    <tensionBelts>
        <tensionBeltsConfigurations>
            <tensionBeltsConfiguration>
                <tensionBelts linkNode="tensionBelts" jointNode="dpw1800_main_component1" maxEdgeLength="0.1" geometryBias="0.01" ratchetPosition="0.2" defaultOffset="0.1" defaultOffsetSide="0.1" defaultHeight="4" activationTrigger="beltActivationTrigger">
                    <tensionBelt startNode="startPoint01" endNode="startPoint01End" offsetLeft="0.2"/>
                    <tensionBelt startNode="startPoint02" endNode="startPoint02End"/>
                    <tensionBelt startNode="startPoint03" endNode="startPoint03End"/>
                    <tensionBelt startNode="startPoint04" endNode="startPoint04End"/>
                    <tensionBelt startNode="startPoint05" endNode="startPoint05End"/>
                    <tensionBelt startNode="startPoint06" endNode="startPoint06End"/>
                    <tensionBelt startNode="startPoint07" endNode="startPoint07End"/>
                    <tensionBelt startNode="startPoint08" endNode="startPoint08End" offsetRight="0.2"/>
                    <sounds>
                        <addBelt template="beltOpen"/>
                        <removeBelt template="beltClose"/>
                    </sounds>
                </tensionBelts>
            </tensionBeltsConfiguration>
        </tensionBeltsConfigurations>
    </tensionBelts>
    <fillUnit>
        <fillUnitConfigurations>
            <fillUnitConfiguration>
                <fillUnits>
                    <fillUnit unitTextOverride="$l10n_unit_bale" fillTypes="ROUNDBALE SQUAREBALE" capacity="1" showCapacityInShop="false" showOnHud="false"/>
                </fillUnits>
            </fillUnitConfiguration>
        </fillUnitConfigurations>
    </fillUnit>
	
	<PalletAutoLoader maxObjects="46" useBales="false" useTensionBelts="false" supportedObject="data/objects/pallets">
		<trigger node="triggerNode"/>
		<pickupTriggers>
			<pickupTrigger node="pickupTriggerNode"/>
			<pickupTrigger node="pickupTriggerNode2"/>
		</pickupTriggers>
		<loadPlaces node="loadPlacesBaseNode" />
	</PalletAutoLoader>
	
    <ai>
        <allowTurnBackward value="false"/>
        <turningRadiusLimitation radius="7"/>
        <agentAttachment jointNode="attacherJoint" rotCenterWheelIndices="1 2" width="2.5" height="3" length="10.3" lengthOffset="-4.2" hasCollision="false"/>
        <agentAttachment jointNode="componentJointFront" rotCenterWheelIndices="3 4 5 6" width="2.5" height="1.2" length="2" lengthOffset="6.75"/>
    </ai>
	
    <foliageBending>
        <bendingNode minX="-1.3" maxX="1.3" minZ="-5.8" maxZ="4.1" yOffset="0.6"/>
        <bendingNode minX="-0.3" maxX="0.3" minZ="0" maxZ="2" yOffset="0" node="drawbar"/>
    </foliageBending>
	
    <wearable wearDuration="480" workMultiplier="5" fieldMultiplier="2"/>
    <washable dirtDuration="90" washDuration="1" workMultiplier="3" fieldMultiplier="2"/>
	
    <i3dMappings>
        <i3dMapping id="dpw1800_main_component1" node="0>"/>
        <i3dMapping id="dpw1800_vis" node="0>0"/>
        <i3dMapping id="wheelMiddleLeft" node="0>0|0|0"/>
        <i3dMapping id="wheelMiddleRight" node="0>0|0|1"/>
        <i3dMapping id="wheelBackLeft" node="0>0|0|2"/>
        <i3dMapping id="wheelBackRight" node="0>0|0|3"/>
        <i3dMapping id="chockSupport01" node="0>0|0|4"/>
        <i3dMapping id="chockSupport02" node="0>0|0|5"/>
        <i3dMapping id="wheelChock01_01" node="0>0|0|6"/>
        <i3dMapping id="wheelChock01_02" node="0>0|0|7"/>
        <i3dMapping id="sideMarker05Orange_02" node="0>0|1|0|0"/>
        <i3dMapping id="sideMarker05Orange_01" node="0>0|1|0|1"/>
        <i3dMapping id="whiteRound_01" node="0>0|1|0|2"/>
        <i3dMapping id="whiteRound_02" node="0>0|1|0|3"/>
        <i3dMapping id="barFront" node="0>0|2|0"/>
        <i3dMapping id="backPart" node="0>0|2|1"/>
        <i3dMapping id="licensePlateNodeBack" node="0>0|2|1|0"/>
        <i3dMapping id="barBack" node="0>0|2|1|1"/>
        <i3dMapping id="plateNumberLight01_01" node="0>0|2|1|2|0|0"/>
        <i3dMapping id="plateNumberLight01_02" node="0>0|2|1|2|0|1"/>
        <i3dMapping id="yellowRound_02_01" node="0>0|2|1|2|0|2"/>
        <i3dMapping id="yellowRound_02_02" node="0>0|2|1|2|0|3"/>
        <i3dMapping id="sideMarker03_left" node="0>0|2|1|2|0|4"/>
        <i3dMapping id="sideMarker03_right" node="0>0|2|1|2|0|5"/>
        <i3dMapping id="rearLight13_left" node="0>0|2|1|2|0|6"/>
        <i3dMapping id="rearLight13_right" node="0>0|2|1|2|0|7"/>
        <i3dMapping id="backLightsHigh1" node="0>0|2|1|2|1|0"/>
        <i3dMapping id="licensePlateLightHigh" node="0>0|2|1|2|1|1"/>
        <i3dMapping id="turnLightLeftBack" node="0>0|2|1|2|2|0"/>
        <i3dMapping id="turnLightRightBack" node="0>0|2|1|2|2|1"/>
        <i3dMapping id="colPart03" node="0>0|2|1|4"/>
        <i3dMapping id="colPart04" node="0>0|2|1|5"/>
        <i3dMapping id="colPart01" node="0>0|2|2|0"/>
        <i3dMapping id="colPart02" node="0>0|2|2|1"/>
        <i3dMapping id="tensionBelts" node="0>0|3"/>
        <i3dMapping id="startPoint01" node="0>0|3|0"/>
        <i3dMapping id="startPoint01End" node="0>0|3|0|0"/>
        <i3dMapping id="startPoint02" node="0>0|3|1"/>
        <i3dMapping id="startPoint02End" node="0>0|3|1|0"/>
        <i3dMapping id="startPoint03" node="0>0|3|2"/>
        <i3dMapping id="startPoint03End" node="0>0|3|2|0"/>
        <i3dMapping id="startPoint04" node="0>0|3|3"/>
        <i3dMapping id="startPoint04End" node="0>0|3|3|0"/>
        <i3dMapping id="startPoint05" node="0>0|3|4"/>
        <i3dMapping id="startPoint05End" node="0>0|3|4|0"/>
        <i3dMapping id="startPoint06" node="0>0|3|5"/>
        <i3dMapping id="startPoint06End" node="0>0|3|5|0"/>
        <i3dMapping id="startPoint07" node="0>0|3|6"/>
        <i3dMapping id="startPoint07End" node="0>0|3|6|0"/>
        <i3dMapping id="startPoint08" node="0>0|3|7"/>
        <i3dMapping id="startPoint08End" node="0>0|3|7|0"/>
        <i3dMapping id="beltActivationTrigger" node="0>0|3|8"/>
        <i3dMapping id="componentJointFront" node="0>0|5"/>
        <i3dMapping id="dpw1800_axis_component2" node="1>"/>
        <i3dMapping id="componentJointDrawbar" node="1>0"/>
        <i3dMapping id="axis" node="1>1"/>
        <i3dMapping id="wheelFrontLeft" node="1>2"/>
        <i3dMapping id="wheelFrontRight" node="1>3"/>
        <i3dMapping id="springRightPart" node="1>4"/>
        <i3dMapping id="springRight" node="1>4|0"/>
        <i3dMapping id="springLeftPart" node="1>5"/>
        <i3dMapping id="springLeft" node="1>5|0"/>
        <i3dMapping id="dpw1800_drawbar_component3" node="2>"/>
        <i3dMapping id="drawbar" node="2>0"/>
        <i3dMapping id="electric_detached" node="2>0|0|0"/>
        <i3dMapping id="airOut_detached" node="2>0|0|1"/>
        <i3dMapping id="airIn_detached" node="2>0|0|2"/>
        <i3dMapping id="airOut" node="2>0|0|3"/>
        <i3dMapping id="airIn" node="2>0|0|4"/>
        <i3dMapping id="electric" node="2>0|0|5"/>
        <i3dMapping id="attacherJoint" node="2>1"/>
        <i3dMapping id="springRightRef" node="2>2"/>
        <i3dMapping id="springLeftRef" node="2>3"/>
        <i3dMapping id="triggerNode" node="0>3|1" />
        <i3dMapping id="pickupTriggerNode" node="0>3|0" />
        <i3dMapping id="pickupTriggerNode2" node="0>3|3" />
        <i3dMapping id="loadPlacesBaseNode" node="0>3|2" />
    </i3dMappings>
</vehicle>
