<?xml version="1.0" encoding="utf-8" standalone="no"?>
<modDesc descVersion="61">
    <author>Radichkov</author>

    <version>1.0</version>

    <title>
        <en>VAZ 2106</en>
        <de>VAZ 2106</de>
    </title>

    <description>
        <en><![CDATA[VAZ 2106]]></en>
        <de><![CDATA[VAZ 2106]]></de>
    </description>

    <iconFilename>Textures/store.dds</iconFilename>

    <multiplayer supported="true"/>
    <storeItems>
        <storeItem xmlFilename="VAZ_2106.xml"/>
    </storeItems>

    <brands>
        <brand name="LADA" title="LADA" image="brand.dds"/>
    </brands>

    <specializations>
        <specialization name="indooranim" className="indooranim" filename="scripts/t150.lua"/>
    </specializations>

    <vehicleTypes>
        <type name="VAZ_2106" parent="carFillable" filename="$dataS/scripts/vehicles/Vehicle.lua">
            <specialization name="indooranim"/>
        </type>
    </vehicleTypes>
</modDesc>
