<?xml version="1.0" encoding="utf-8" standalone="no"?>
<vehicle type="carFillable" xmlns:xsi="http://www.w3.org/2001/XMLSchema-instance" xsi:noNamespaceSchemaLocation="https://validation.gdn.giants-software.com/xml/fs22/vehicle.xsd">
    <annotation>Copyright (C) GIANTS Software GmbH, All Rights Reserved.</annotation>

    <storeData>
        <name>VAZ 2106</name>
        <specs>
            <power>86</power>
            <maxSpeed>140</maxSpeed>
        </specs>
        <functions>
            <function>$l10n_function_car</function>
        </functions>
        <image>Textures/store.dds</image>
        <price>3500</price>
        <lifetime>600</lifetime>
        <rotation>0</rotation>
        <brand>LADA</brand>
        <category>cars</category>
        <vertexBufferMemoryUsage>1484212</vertexBufferMemoryUsage>
        <indexBufferMemoryUsage>360324</indexBufferMemoryUsage>
        <textureMemoryUsage>14330864</textureMemoryUsage>
        <instanceVertexBufferMemoryUsage>0</instanceVertexBufferMemoryUsage>
        <instanceIndexBufferMemoryUsage>0</instanceIndexBufferMemoryUsage>
    </storeData>

    <base>
        <typeDesc>$l10n_typeDesc_car</typeDesc>
        <filename>VAZ_2106.i3d</filename>
        <size width="2.5" length="5" height="1.6"/>
        <components>
            <component centerOfMass="0.0 0.35 0" solverIterationCount="10" mass="950"/>
            <component centerOfMass="0.0 0.0 0.0" solverIterationCount="10" mass="100"/>
            <joint component1="1" component2="2" node="1>0" rotLimit="0 0 5" transLimit="0 0 0" maxRotDriveForce="0 0 2" rotDriveRotation="0 0 0" rotDriveSpring="0 0 2" rotDriveDamping="0 0 2" rotLimitSpring="0 0 2" rotLimitDamping="0 0 2" breakable="false"/>
        </components>
        <schemaOverlay name="VEHICLE" attacherJointPosition="0 0"/>
        <sounds filename="sounds/VAZ2106.xml"/>
		<mapHotspot type="CAR" />
    </base>

    <wheels>
        <wheelConfigurations>
            <wheelConfiguration name="Standard" price="0">
                <wheels autoRotateBackSpeed="2.5">
                    <wheel filename="wheels/StreetStandard.xml" isLeft="true" hasTireTracks="true" hasParticles="true">
                        <physics tipOcclusionAreaGroupId="1" rotSpeed="1" restLoad="0.6" repr="0>0|0|0" driveNode="0>0|0|0|0|0" forcePointRatio="0.5" transRatio="1" initialCompression="5" suspTravel="0.13" spring="10" damper="3" />
                    </wheel>
                    <wheel filename="wheels/StreetStandard.xml" isLeft="false" hasTireTracks="true" hasParticles="true">
                        <physics tipOcclusionAreaGroupId="1" rotSpeed="1" restLoad="0.6" repr="0>0|1|0" driveNode="0>0|1|0|0|0" forcePointRatio="0.5" transRatio="1" initialCompression="5" suspTravel="0.13" spring="10" damper="3" />
                    </wheel>
                    <wheel filename="wheels/StreetStandard.xml" isLeft="true" hasTireTracks="true" hasParticles="true">
                        <physics tipOcclusionAreaGroupId="1" rotSpeed="1" restLoad="0.6" repr="1>1" driveNode="1>1|0|0" forcePointRatio="0.5" transRatio="1" initialCompression="5" suspTravel="0.13" spring="12" damper="3" />
                    </wheel>
                    <wheel filename="wheels/StreetStandard.xml" isLeft="false" hasTireTracks="true" hasParticles="true">
                        <physics tipOcclusionAreaGroupId="1" rotSpeed="1" restLoad="0.6" repr="1>2" driveNode="1>2|0|0" forcePointRatio="0.5" transRatio="1" initialCompression="5" suspTravel="0.13" spring="12" damper="3" />
                    </wheel>
                </wheels>
            </wheelConfiguration>
            <wheelConfiguration name="White board" price="300">
                <wheels autoRotateBackSpeed="2.5">
                    <wheel filename="wheels/StreetWhiteBoard.xml" isLeft="true" hasTireTracks="true" hasParticles="true">
                        <physics tipOcclusionAreaGroupId="1" rotSpeed="1" restLoad="0.6" repr="0>0|0|0" driveNode="0>0|0|0|0|0" forcePointRatio="0.5" transRatio="1" initialCompression="5" suspTravel="0.13" spring="10" damper="3" />
                    </wheel>
                    <wheel filename="wheels/StreetWhiteBoard.xml" isLeft="false" hasTireTracks="true" hasParticles="true">
                        <physics tipOcclusionAreaGroupId="1" rotSpeed="1" restLoad="0.6" repr="0>0|1|0" driveNode="0>0|1|0|0|0" forcePointRatio="0.5" transRatio="1" initialCompression="5" suspTravel="0.13" spring="10" damper="3" />
                    </wheel>
                    <wheel filename="wheels/StreetWhiteBoard.xml" isLeft="true" hasTireTracks="true" hasParticles="true">
                        <physics tipOcclusionAreaGroupId="1" rotSpeed="1" restLoad="0.6" repr="1>1" driveNode="1>1|0|0" forcePointRatio="0.5" transRatio="1" initialCompression="5" suspTravel="0.13" spring="12" damper="3" />
                    </wheel>
                    <wheel filename="wheels/StreetWhiteBoard.xml" isLeft="false" hasTireTracks="true" hasParticles="true">
                        <physics tipOcclusionAreaGroupId="1" rotSpeed="1" restLoad="0.6" repr="1>2" driveNode="1>2|0|0" forcePointRatio="0.5" transRatio="1" initialCompression="5" suspTravel="0.13" spring="12" damper="3" />
                    </wheel>
                </wheels>
            </wheelConfiguration>
        </wheelConfigurations>
        <ackermannSteeringConfigurations>
            <ackermannSteering rotSpeed="50" rotMax="42" rotCenterWheel1="3" rotCenterWheel2="4"/>
        </ackermannSteeringConfigurations>
    </wheels>

    <rimColorConfigurations>
        <rimColorConfiguration color="0.25 0.25 0.25 0"/>
        <rimColorConfiguration color="0.6 0 0 0" price="200"/>
        <rimColorConfiguration color="0.95 0.95 0.95 0" price="200"/>
        <rimColorConfiguration color="0.8 0.5 0.3 0" price="200"/>
        <rimColorConfiguration color="0.4 0.18 0.1 0" price="200"/>
        <rimColorConfiguration color="0.6 0.4 0 0" price="200"/>
        <rimColorConfiguration color="0.65 0.04 0.0 0" price="200"/>
        <rimColorConfiguration color="0.05 0.45 0.05 0" price="200"/>
        <rimColorConfiguration color="0.01 0.12 0.01 0" price="200"/>
        <rimColorConfiguration color="0.01 0.15 0.8 0" price="200"/>
        <rimColorConfiguration color="0.01 0.01 0.65 0" price="200"/>
		<rimColorConfiguration color="0.098 0.052 0.018 0" price="200"/>
        <rimColorConfiguration color="0.062 0.043 0.035 0" price="200"/>
        <rimColorConfiguration color="0 0 0.02 0" price="200"/>
        <colorNode node="0>0"/>
    </rimColorConfigurations>

    <attacherJoints>
        <attacherJoint allowsJointLimitMovement="false" canTurnOnImplement="false" comboTime="1" jointType="trailer" lowerRotLimit="10 70 50" node="0>11|1" upperRotationOffset="0">
            <attachSound linkNode="0>" template="ATTACH_01"/>
            <schema invertX="false" position="1 0" rotation="0"/>
        </attacherJoint>
        <attacherJoint allowsJointLimitMovement="false" canTurnOnImplement="false" comboTime="1" jointType="trailerLow" lowerRotLimit="10 70 50" node="0>11|1" upperRotationOffset="0">
            <attachSound linkNode="0>" template="ATTACH_01"/>
            <schema invertX="false" position="1 0" rotation="0"/>
        </attacherJoint>
    </attacherJoints>

    <connectionHoses>
        <target attacherJointIndices="1 2 3" node="0>11|0" type="electric" />
    </connectionHoses>

    <lights>
        <states>
            <state lightTypes="0"/>
            <state lightTypes="0 1"/>
        </states>
        <realLights>
            <low>
                <light node="0>1|1" lightTypes="0"/>
                <light node="0>1|2" lightTypes="1"/>
                <light node="0>1|0" lightTypes="0"/>
            </low>
            <high>
                <light node="0>1|1" lightTypes="0"/>
                <light node="0>1|2" lightTypes="1"/>
                <light node="0>1|0" lightTypes="0"/>
                <turnLightLeft node="0>1|4"/>
                <turnLightLeft node="0>1|7"/>
                <turnLightRight node="0>1|5"/>
                <turnLightRight node="0>1|8"/>
                <brakeLight node="0>1|3"/>
                <reverseLight node="0>1|6"/>
            </high>
        </realLights>
        <reverseLights>
            <reverseLight shaderNode="0>1|15"/>
        </reverseLights>
        <defaultLights>
            <defaultLight shaderNode="0>1|10" lightTypes="0"/>
            <defaultLight shaderNode="0>1|11" lightTypes="1"/>
        </defaultLights>
        <turnLights>
            <turnLightLeft shaderNode="0>1|12"/>
            <turnLightRight shaderNode="0>1|13"/>
        </turnLights>
        <brakeLights>
            <brakeLight shaderNode="0>1|14"/>
        </brakeLights>
        <sounds>
            <toggleLights template="SWITCH_01"/>
            <turnLight template="SWITCH_TURNLIGHT"/>
        </sounds>
    </lights>

    <enterable isTabbable="true">
        <exitPoint node="0>5"/>
        <enterReferenceNode node="0>"/>
        <enterAnimation name="enterAnimation"/>
        <characterNode node="0>4|0" cameraMinDistance="1.5" spineRotation="-90 0 90">
            <target ikChain="rightFoot" targetNode="0>4|1"/>
            <target ikChain="leftFoot" targetNode="0>4|2"/>
            <target ikChain="rightArm" targetNode="0>3|0|0|0"/>
            <target ikChain="leftArm" targetNode="0>3|0|0|1"/>
        </characterNode>
        <characterTargetNodeModifier node="0>4|1" transitionTime="0.1">
            <state node="0>8|10|0" referenceNode="0>8|10"/>
            <state node="0>8|11|0" referenceNode="0>8|11"/>
        </characterTargetNodeModifier>
		<characterTargetNodeModifier node="0>4|2" transitionTime="0.1">
            <state node="0>8|12|0" referenceNode="0>8|12"/>
        </characterTargetNodeModifier>
		<characterTargetNodeModifier node="0>3|0|0|0" transitionTime="0.1">
            <state node="0>8|14|0|1" referenceNode="0>8|14|0"/>
        </characterTargetNodeModifier>
        <cameras>
            <camera node="0>2|0|0" rotatable="true" rotateNode="0>2|0" limit="true" useWorldXZRotation="true" rotMinX="-1.4" rotMaxX="1" transMin="3.5" transMax="40" translation="0 0 5.75" rotation="-10 180 0">
                <raycastNode node="0>2|2"/>
                <raycastNode node="0>2|3"/>
                <raycastNode node="0>2|4"/>
            </camera>
            <camera node="0>2|1" rotatable="true" limit="true" rotMinX="-1.1" rotMaxX="0.4" transMin="0" transMax="0" useMirror="true" isInside="true" positionSmoothingParameter="0"/>
        </cameras>
    </enterable>

    <suspensions>
        <suspension useCharacterTorso="true" weight="90" minRotation="0 -5 -5" maxRotation="0 5 5" suspensionParametersY="7 1" suspensionParametersZ="7 1"/>
    </suspensions>

    <motorized statsType="car">
        <consumerConfigurations>
            <consumerConfiguration>
                <consumer fillUnitIndex="1" usage="15" fillType="diesel"/>
            </consumerConfiguration>
        </consumerConfigurations>
        <motorConfigurations>
            <motorConfiguration name="1600" price="0">
                <motor torqueScale="0.15" minRpm="500" maxRpm="5400" maxForwardSpeed="140" maxBackwardSpeed="30" brakeForce="0.8" lowBrakeForceScale="0.02" dampingRateScale="0.15">
                    <torque normRpm="0.45" torque="0.9"/>
                    <torque normRpm="0.5" torque="0.97"/>
                    <torque normRpm="0.59" torque="1"/>
                    <torque normRpm="0.72" torque="1"/>
                    <torque normRpm="0.86" torque="0.92"/>
                    <torque normRpm="1" torque="0.86"/>
                </motor>
                <transmission autoGearChangeTime="0.5" gearChangeTime="0.4" name="$l10n_info_transmission_manual">
                    <directionChange useGear="true"/>
                    <backwardGear gearRatio="2.226" name="R"/>
                    <forwardGear maxSpeed="30"  name="1"/>
                    <forwardGear maxSpeed="60" name="2"/>
                    <forwardGear maxSpeed="90" name="3"/>
                    <forwardGear maxSpeed="140" name="4"/>
                 </transmission>
            </motorConfiguration>
        </motorConfigurations>
        <differentialConfigurations>
            <differentialConfiguration>
                <differentials>
                    <differential torqueRatio="0.5" maxSpeedRatio="1.9" wheelIndex1="3" wheelIndex2="4"/>
                </differentials>
            </differentialConfiguration>
        </differentialConfigurations>
        <exhaustEffects>
            <exhaustEffect node="0>6|0" filename="$data/effects/exhaust/exhaust.i3d" minRpmColor="0.9 0.9 0.9 0.1" maxRpmColor="0.9 0.9 0.9 0.4" minRpmScale="0.05" maxRpmScale="0.5"/>
        </exhaustEffects>
        <motorStartDuration>1800</motorStartDuration>
		<gearLevers>
            <gearLever node="0>8|14|0" centerAxis="3" changeTime="0.3" handsOnDelay="0.25">
                <state gear="1" xRot="8" zRot="-8" />
                <state gear="2" xRot="-8" zRot="-8" />
                <state gear="3" xRot="8" zRot="0" />
                <state gear="4" xRot="-8" zRot="0" />
				<state gear="R" xRot="-8" zRot="8" />
            </gearLever>
        </gearLevers>
        <dashboards>
            <dashboard valueType="rpm" displayType="ANIMATION" groups="MOTOR_ACTIVE" animName="rpmDisplay" minValueAnim="0" maxValueAnim="4500"/>
            <dashboard valueType="speed" displayType="ANIMATION" groups="MOTOR_ACTIVE" animName="speedDisplay" minValueAnim="0" maxValueAnim="140"/>
            <dashboard valueType="motorTemperature" displayType="ANIMATION" groups="MOTOR_ACTIVE" animName="loadingBarTemperature" minValueAnim="50" maxValueAnim="130"/>
			<dashboard displayType="ROT" valueType="clutchPedal" node="0>8|12"   minRot="0 0 0" maxRot="-20 0 0" doInterpolation="true" groups="MOTOR_ACTIVE"/>
        </dashboards>
    </motorized>

    <drivable>
        <dashboards>
            <dashboard displayType="ROT" doInterpolation="true" groups="MOTOR_ACTIVE" maxRot="-20 0 0" minRot="0 0 0" node="0>8|10" valueType="accelerationAxis"/>
            <dashboard displayType="ROT" doInterpolation="true" groups="MOTOR_ACTIVE" maxRot="-20 0 0" minRot="0 0 0" node="0>8|11" valueType="decelerationAxis"/>
        </dashboards>
        <sounds>
            <waterSplash template="WATER_SPLASH_01"/>
        </sounds>
        <steeringWheel indoorRotation="540" node="0>3|0|0" outdoorRotation="45"/>
    </drivable>

    <animations>
        <animation name="rpmDisplay">
            <part endRot="0 0 232" endTime="1" node="0>10|4|0" startRot="0 0 48" startTime="0"/>
            <part endRot="0 0 6" endTime="1" node="0>10|2|0" startRot="0 0 38" startTime="0"/>
        </animation>
        <animation name="speedDisplay">
            <part endRot="0 0 255" endTime="1" node="0>10|3|0" startRot="0 0 42" startTime="0"/>
        </animation>
        <animation name="loadingBarTemperature">
            <part endRot="0 0 -38" endTime="1" node="0>10|1|0" startRot="0 0 38" startTime="0"/>
        </animation>
        <animation name="loadingBarFuel">
            <part endRot="0 0 -38" endTime="1" node="0>10|0|0" startRot="0 0 38" startTime="0"/>
        </animation>
        <animation name="wiperAnimation">
            <part endRot="0 -7 -100" endTime="0.475" node="0>8|9|0|0" startRot="0 0 0" startTime="0.0"/>
            <part endRot="0 0 0" endTime="0.95" node="0>8|9|0|0" startRot="0 -7 -100" startTime="0.475"/>
            <part endRot="0 4 -100" endTime="0.475" node="0>8|9|1|0" startRot="0 2 0" startTime="0.0"/>
            <part endRot="0 2 0" endTime="0.95" node="0>8|9|1|0" startRot="0 4 -100" startTime="0.475"/>
        </animation>
        <animation name="enterAnimation">
            <part endRot="0 -65 0" endTime="1" node="0>8|1" startRot="0 0 0" startTime="0"/>
            <part endRot="0 0 0" endTime="2" node="0>8|1" startRot="0 -65 0" startTime="1"/>
        </animation>
        <animation name="frontLeftDoor">
            <part endRot="0 -65 0" endTime="1" node="0>8|1" startRot="0 0 0" startTime="0"/>
        </animation>
        <animation name="frontRightDoor">
            <part endRot="0 65 0" endTime="1" node="0>8|4" startRot="0 0 0" startTime="0"/>
        </animation>
        <animation name="reartLeftDoor">
            <part endRot="0 -65 0" endTime="1" node="0>8|2" startRot="0 0 0" startTime="0"/>
        </animation>
        <animation name="rearRightDoor">
            <part endRot="0 65 0" endTime="1" node="0>8|3" startRot="0 0 0" startTime="0"/>
        </animation>
        <animation name="hood">
            <part endRot="60 0 0" endTime="1" node="0>8|5" startRot="0 0 0" startTime="0"/>
        </animation>
        <animation name="boot">
            <part endRot="50 0 0" endTime="1" node="0>8|6" startRot="0 0 0" startTime="0"/>
        </animation>
        <animation name="tankLid">
            <part endRot="0 90 0" endTime="1" node="0>8|13" startRot="0 0 0" startTime="0"/>
        </animation>
    </animations>

    <wipers>
        <wiper animName="wiperAnimation">
            <state animSpeed="0.75" animPause="2.0"/>
            <state animSpeed="0.75" animPause="0.0"/>
            <state animSpeed="1.10" animPause="0.0"/>
        </wiper>
    </wipers>

    <cylindered>
		<movingTools>
            <movingTool node="0>8|14|0">
                <dependentPart node="0>8|14|1" />
            </movingTool>
        </movingTools>
        <movingParts>
            <movingPart isActiveDirty="true" node="0>0|0|0|1" referenceFrame="0>" maxUpdateDistance="30">
                <dependentPart node="0>8|7|0|0"/>
                <dependentPart node="0>8|7|0|1"/>
                <dependentPart node="0>8|7|0|2"/>
                <dependentPart node="0>8|7|0|3"/>
                <dependentPart node="0>8|7|0|4"/>
            </movingPart>
            <movingPart node="0>8|7|0|0" referenceFrame="0>" referencePoint="0>0|0|0|1|0" scaleZ="true" />
            <movingPart node="0>8|7|0|1" referenceFrame="0>" referencePoint="0>0|0|0|1|1" scaleZ="true" />
            <movingPart node="0>8|7|0|2" referenceFrame="0>" referencePoint="0>8|7|0|0|0" scaleZ="true"/>
            <movingPart node="0>8|7|0|3" referenceFrame="0>" referencePoint="0>8|7|0|0|0">
                <translatingPart node="0>8|7|0|3|0"/>
            </movingPart>
            <movingPart node="0>8|7|0|4" referenceFrame="0>" referencePoint="0>8|7|0|0|1" scaleZ="true"/>
            <movingPart isActiveDirty="true" node="0>0|1|0|1" referenceFrame="0>" maxUpdateDistance="30">
                <dependentPart node="0>8|7|1|0"/>
                <dependentPart node="0>8|7|1|1"/>
                <dependentPart node="0>8|7|1|2"/>
                <dependentPart node="0>8|7|1|3"/>
                <dependentPart node="0>8|7|1|4"/>
            </movingPart>
            <movingPart node="0>8|7|1|0" referenceFrame="0>" referencePoint="0>0|1|0|1|0" scaleZ="true"/>
            <movingPart node="0>8|7|1|1" referenceFrame="0>" referencePoint="0>0|1|0|1|1" scaleZ="true"/>
            <movingPart node="0>8|7|1|2" referenceFrame="0>" referencePoint="0>8|7|1|0|0" scaleZ="true"/>
            <movingPart node="0>8|7|1|3" referenceFrame="0>" referencePoint="0>8|7|1|0|0">
                <translatingPart node="0>8|7|1|3|0"/>
            </movingPart>
            <movingPart node="0>8|7|1|4" referenceFrame="0>" referencePoint="0>8|7|1|0|1" scaleZ="true"/>
            <movingPart isActiveDirty="true" node="1>1|1" referenceFrame="1>" maxUpdateDistance="30">
                <dependentPart node="1>1|1|0"/>
                <dependentPart node="0>8|8|0"/>
                <dependentPart node="0>8|8|1"/>
                <dependentPart node="0>8|8|2"/>
                <dependentPart node="0>8|8|3"/>
                <dependentPart node="0>8|8|4"/>
                <dependentPart node="0>8|8|5"/>
                <dependentPart node="0>8|8|6"/>
                <dependentPart node="0>8|8|7"/>
                <dependentPart node="0>8|8|8"/>
                <dependentPart node="0>8|8|9"/>
            </movingPart>
            <movingPart node="1>1|1|0" referenceFrame="1>" referencePoint="1>2|1" scaleZ="true"/>
            <movingPart node="0>8|8|0" referenceFrame="1>" referencePoint="1>1|1|0|0" scaleZ="true"/>
            <movingPart node="0>8|8|1" referenceFrame="1>" referencePoint="1>1|1|0|1" scaleZ="true"/>
            <movingPart node="0>8|8|2" referenceFrame="1>" referencePoint="1>1|1|0|2" scaleZ="true"/>
            <movingPart node="0>8|8|3" referenceFrame="1>" referencePoint="1>1|1|0|3" scaleZ="true"/>
            <movingPart node="0>8|8|4" referenceFrame="1>" referencePoint="1>1|1|0|4" scaleZ="true"/>
            <movingPart node="0>8|8|5" referenceFrame="1>" referencePoint="1>1|1|0|5" scaleZ="true"/>
            <movingPart node="0>8|8|6" referenceFrame="1>" referencePoint="1>1|1|0|6" scaleZ="true"/>
            <movingPart node="0>8|8|7" referenceFrame="1>" referencePoint="1>1|1|0|7">
                <translatingPart node="0>8|8|7|0"/>
            </movingPart>
            <movingPart node="0>8|8|8" referenceFrame="1>" referencePoint="1>1|1|0|8">
                <translatingPart node="0>8|8|8|0"/>
            </movingPart>
            <movingPart node="0>8|8|9" referenceFrame="1>" referencePoint="1>1|1|0|9|0" scaleZ="true"/>
			
			<movingPart isActiveDirty="true" node="0>8|14|1" referenceFrame="0>" referencePoint="0>8|14|0|0" scaleZ="true" maxUpdateDistance="30"/>
        </movingParts>
    </cylindered>

    <fillUnit>
        <fillUnitConfigurations>
            <fillUnitConfiguration>
                <fillUnits>
                    <fillUnit capacity="40" fillTypes="DIESEL" showOnHud="false" showInShop="false" unitTextOverride="$l10n_unit_literShort">
                        <dashboard valueType="fillLevel" displayType="ANIMATION" groups="MOTOR_ACTIVE" animName="loadingBarFuel" minValueAnim="0" maxValueAnim="35"/>
                    </fillUnit>
                </fillUnits>
            </fillUnitConfiguration>
        </fillUnitConfigurations>
    </fillUnit>

    <tensionBelts>
        <tensionBeltsConfigurations>
            <tensionBeltsConfiguration>
                <tensionBelts linkNode="tensionBelts" jointNode="0>" activationTrigger="beltActivationTrigger" width="0.035" maxEdgeLength="0.1" geometryBias="0.01" ratchetPosition="0.2" defaultOffset="0.1" defaultOffsetSide="0.1" defaultHeight="4">
                    <tensionBelt startNode="tensionBeltStart1" endNode="tensionBeltEnd1" offsetLeft="0.2"/>
                    <tensionBelt startNode="tensionBeltStart2" endNode="tensionBeltEnd2"/>
                    <tensionBelt startNode="tensionBeltStart3" endNode="tensionBeltEnd3" offsetRight="0.2"/>
                </tensionBelts>
            </tensionBeltsConfiguration>
        </tensionBeltsConfigurations>
    </tensionBelts>

    <foliageBending>
        <bendingNode minX="-1.05" maxX="1.05" minZ="-3" maxZ="2.9" yOffset="0.3"/>
    </foliageBending>

    <designConfigurations>
        <designConfiguration name="$l10n_configuration_valueDefault" price="0"/>
        <designConfiguration name="Trailer hitch" price="500">
            <objectChange node="0>11" visibilityActive="true" visibilityInactive="false"/>
        </designConfiguration>
        <designConfiguration name="Luggage carrier + hitch" price="500">
            <objectChange node="0>11" visibilityActive="true" visibilityInactive="false"/>
            <objectChange node="0>12" visibilityActive="true" visibilityInactive="false"/>
        </designConfiguration>
    </designConfigurations>

    <designMaterialConfigurations price="100" useDefaultColors="false" defaultColorIndex="0">
        <designMaterialConfiguration color="0.15 0.15 0.15 1" name="Gray"/>
        <designMaterialConfiguration color="0.02 0.02 0.02 1" name="Black" price="100"/>
        <material name="lightsMask" shaderParameter="colorMat1"/>
    </designMaterialConfigurations>

    <baseMaterial>
        <material name="body" baseNode="0>8|0">
            <shaderParameter name="colorMat0" value="0.6 0 0 0"/>
        </material>
        <material name="doorFrontLeft" baseNode="0>8|1|0">
            <shaderParameter name="colorMat0" value="0.6 0 0 0"/>
        </material>
        <material name="grille" baseNode="0>8|0|0">
            <shaderParameter name="colorMat0" value="0.6 0 0 0"/>
        </material>
        <material name="lightsMask" baseNode="0>8|0|0">
            <shaderParameter name="colorMat1" value="0.15 0.15 0.15 1"/>
        </material>
    </baseMaterial>

    <baseMaterialConfigurations price="300">
        <baseMaterialConfiguration name="Red"     		color="0.6 0 0 0"                 		price="0"/>
		<baseMaterialConfiguration name="White"     	color="0.95 0.95 0.95 0"                price="300"/>
		<baseMaterialConfiguration name="Ivory"     	color="0.8 0.5 0.3 0"                 	price="300"/>
		<baseMaterialConfiguration name="Beige"     	color="0.4 0.18 0.1 0"                	price="300"/>
		<baseMaterialConfiguration name="Yellow"     	color="0.6 0.4 0 0"                 	price="300"/>
		<baseMaterialConfiguration name="Orange"     	color="0.65 0.04 0.0 0"                 price="300"/>
		<baseMaterialConfiguration name="Light Green"   color="0.05 0.45 0.05 0"                price="300"/>
		<baseMaterialConfiguration name="Dark Green"    color="0.01 0.12 0.01 0"                price="300"/>
		<baseMaterialConfiguration name="Light Blue"    color="0.01 0.15 0.8 0"                 price="300"/>
		<baseMaterialConfiguration name="Blue"     	 	color="0.01 0.01 0.65 0"                price="300"/>
		<baseMaterialConfiguration name="Brown"    	 	color="0.098 0.052 0.018 0" 			price="300"/>
		<baseMaterialConfiguration name="Dark Brown"    color="0.062 0.043 0.035 0" 			price="300"/>
        <baseMaterialConfiguration name="Ink Blue" 		color="0 0 0.02 0" 						price="300"/>
		<material name="body"  shaderParameter="colorMat0"/>
		<material name="doorFrontLeft"  shaderParameter="colorMat0"/>
		<material name="grille"  shaderParameter="colorMat0"/>
    </baseMaterialConfigurations>

    <wearable wearDuration="480" workMultiplier="5" fieldMultiplier="2"/>
    <washable dirtDuration="90" washDuration="1" workMultiplier="3" fieldMultiplier="2"/>
    <honk>
        <sound template="HONK_JD8400R"/>
    </honk>
	
	<dashboard>
        <groups>
            <group name="MOTOR_STARTING" isMotorStarting="true"/>
            <group name="MOTOR_ACTIVE"   isMotorStarting="true" isMotorRunning="true"/>
        </groups>
    </dashboard>

    <ai>
        <agent width="1.8" length="4.6" height="1.65" lengthOffset="1.22" frontOffset="3.08" />
        <collisionTrigger node="0>7|0" width="2.3" height="2.2"/>
    </ai>

    <i3dMappings>
        <i3dMapping id="tensionBelts" node="0>12|1"/>
        <i3dMapping id="tensionBeltStart1" node="0>12|1|0"/>
        <i3dMapping id="tensionBeltEnd1" node="0>12|1|0|0"/>
        <i3dMapping id="tensionBeltStart2" node="0>12|1|1"/>
        <i3dMapping id="tensionBeltEnd2" node="0>12|1|1|0"/>
        <i3dMapping id="tensionBeltStart3" node="0>12|1|2"/>
        <i3dMapping id="tensionBeltEnd3" node="0>12|1|2|0"/>
        <i3dMapping id="beltActivationTrigger" node="0>12|1|3"/>
    </i3dMappings>

</vehicle>
